date,station,id,count
2020-01-01,VZS_ANDR,VZS_ANDR_3,140
2020-01-01,VZS_BERT,VZS_BERT_3,277
2020-01-01,VZS_BINZ,VZS_BINZ_3,78
2020-01-01,VZS_BUCH,VZS_BUCH_3,450
2020-01-01,VZS_HAR*,VZS_HAR*_3,648
2020-01-01,VZS_HOFW,VZS_HOFW_3,198
2020-01-01,VZS_LAN*,VZS_LAN*_3,1734
2020-01-01,VZS_LIM*,VZS_LIM*_3,287
2020-01-01,VZS_LUXG,VZS_LUXG_3,174
2020-01-01,VZS_MILI,VZS_MILI_3,130
2020-01-01,VZS_MUEH,VZS_MUEH_3,214
2020-01-01,VZS_MYTH,VZS_MYTH_3,207
2020-01-01,VZS_SIHL,VZS_SIHL_3,261
2020-01-01,VZS_TALS,VZS_TALS_3,92
2020-01-01,VZS_TOED,VZS_TOED_3,28
2020-01-01,VZS_ZOLL,VZS_ZOLL_3,532
2020-01-02,VZS_ANDR,VZS_ANDR_4,167
2020-01-02,VZS_BERT,VZS_BERT_4,404
2020-01-02,VZS_BINZ,VZS_BINZ_4,117
2020-01-02,VZS_BUCH,VZS_BUCH_4,534
2020-01-02,VZS_HAR*,VZS_HAR*_4,874
2020-01-02,VZS_HOFW,VZS_HOFW_4,320
2020-01-02,VZS_LAN*,VZS_LAN*_4,2094
2020-01-02,VZS_LIM*,VZS_LIM*_4,442
2020-01-02,VZS_LUXG,VZS_LUXG_4,210
2020-01-02,VZS_MILI,VZS_MILI_4,262
2020-01-02,VZS_MUEH,VZS_MUEH_4,316
2020-01-02,VZS_MYTH,VZS_MYTH_4,210
2020-01-02,VZS_SIHL,VZS_SIHL_4,427
2020-01-02,VZS_TALS,VZS_TALS_4,149
2020-01-02,VZS_TOED,VZS_TOED_4,34
2020-01-02,VZS_ZOLL,VZS_ZOLL_4,679
2020-01-03,VZS_ANDR,VZS_ANDR_5,326
2020-01-03,VZS_BERT,VZS_BERT_5,691
2020-01-03,VZS_BINZ,VZS_BINZ_5,228
2020-01-03,VZS_BUCH,VZS_BUCH_5,960
2020-01-03,VZS_HAR*,VZS_HAR*_5,1427
2020-01-03,VZS_HOFW,VZS_HOFW_5,490
2020-01-03,VZS_LAN*,VZS_LAN*_5,3585
2020-01-03,VZS_LIM*,VZS_LIM*_5,789
2020-01-03,VZS_LUXG,VZS_LUXG_5,350
2020-01-03,VZS_MILI,VZS_MILI_5,431
2020-01-03,VZS_MUEH,VZS_MUEH_5,524
2020-01-03,VZS_MYTH,VZS_MYTH_5,422
2020-01-03,VZS_SIHL,VZS_SIHL_5,845
2020-01-03,VZS_TALS,VZS_TALS_5,255
2020-01-03,VZS_TOED,VZS_TOED_5,78
2020-01-03,VZS_ZOLL,VZS_ZOLL_5,1148
2020-01-04,VZS_ANDR,VZS_ANDR_6,215
2020-01-04,VZS_BERT,VZS_BERT_6,619
2020-01-04,VZS_BINZ,VZS_BINZ_6,185
2020-01-04,VZS_BUCH,VZS_BUCH_6,772
2020-01-04,VZS_HAR*,VZS_HAR*_6,1253
2020-01-04,VZS_HOFW,VZS_HOFW_6,484
2020-01-04,VZS_LAN*,VZS_LAN*_6,3340
2020-01-04,VZS_LIM*,VZS_LIM*_6,660
2020-01-04,VZS_LUXG,VZS_LUXG_6,314
2020-01-04,VZS_MILI,VZS_MILI_6,413
2020-01-04,VZS_MUEH,VZS_MUEH_6,458
2020-01-04,VZS_SIHL,VZS_SIHL_6,600
2020-01-04,VZS_TALS,VZS_TALS_6,228
2020-01-04,VZS_TOED,VZS_TOED_6,59
2020-01-04,VZS_ZOLL,VZS_ZOLL_6,1076
2020-01-05,VZS_ANDR,VZS_ANDR_7,337
2020-01-05,VZS_BERT,VZS_BERT_7,585
2020-01-05,VZS_BINZ,VZS_BINZ_7,192
2020-01-05,VZS_BUCH,VZS_BUCH_7,948
2020-01-05,VZS_HAR*,VZS_HAR*_7,1391
2020-01-05,VZS_HOFW,VZS_HOFW_7,558
2020-01-05,VZS_LAN*,VZS_LAN*_7,2880
2020-01-05,VZS_LIM*,VZS_LIM*_7,819
2020-01-05,VZS_LUXG,VZS_LUXG_7,413
2020-01-05,VZS_MILI,VZS_MILI_7,268
2020-01-05,VZS_MUEH,VZS_MUEH_7,446
2020-01-05,VZS_SIHL,VZS_SIHL_7,568
2020-01-05,VZS_TALS,VZS_TALS_7,179
2020-01-05,VZS_TOED,VZS_TOED_7,84
2020-01-05,VZS_ZOLL,VZS_ZOLL_7,1018
2020-01-06,VZS_ANDR,VZS_ANDR_1,659
2020-01-06,VZS_BERT,VZS_BERT_1,1193
2020-01-06,VZS_BINZ,VZS_BINZ_1,484
2020-01-06,VZS_BUCH,VZS_BUCH_1,2460
2020-01-06,VZS_HAR*,VZS_HAR*_1,3041
2020-01-06,VZS_HOFW,VZS_HOFW_1,1354
2020-01-06,VZS_LAN*,VZS_LAN*_1,6505
2020-01-06,VZS_LIM*,VZS_LIM*_1,1676
2020-01-06,VZS_LUXG,VZS_LUXG_1,801
2020-01-06,VZS_MILI,VZS_MILI_1,858
2020-01-06,VZS_MUEH,VZS_MUEH_1,1386
2020-01-06,VZS_SIHL,VZS_SIHL_1,2013
2020-01-06,VZS_TALS,VZS_TALS_1,482
2020-01-06,VZS_TOED,VZS_TOED_1,266
2020-01-06,VZS_ZOLL,VZS_ZOLL_1,1656
2020-01-07,VZS_ANDR,VZS_ANDR_2,681
2020-01-07,VZS_BERT,VZS_BERT_2,1177
2020-01-07,VZS_BINZ,VZS_BINZ_2,494
2020-01-07,VZS_BUCH,VZS_BUCH_2,2568
2020-01-07,VZS_HAR*,VZS_HAR*_2,3182
2020-01-07,VZS_HOFW,VZS_HOFW_2,1516
2020-01-07,VZS_LAN*,VZS_LAN*_2,7367
2020-01-07,VZS_LIM*,VZS_LIM*_2,1841
2020-01-07,VZS_LUXG,VZS_LUXG_2,831
2020-01-07,VZS_MILI,VZS_MILI_2,998
2020-01-07,VZS_MUEH,VZS_MUEH_2,1486
2020-01-07,VZS_SIHL,VZS_SIHL_2,2067
2020-01-07,VZS_TALS,VZS_TALS_2,481
2020-01-07,VZS_TOED,VZS_TOED_2,276
2020-01-07,VZS_ZOLL,VZS_ZOLL_2,1917
2020-01-08,VZS_ANDR,VZS_ANDR_3,734
2020-01-08,VZS_BINZ,VZS_BINZ_3,575
2020-01-08,VZS_BUCH,VZS_BUCH_3,2574
2020-01-08,VZS_HAR*,VZS_HAR*_3,3360
2020-01-08,VZS_HOFW,VZS_HOFW_3,1444
2020-01-08,VZS_LAN*,VZS_LAN*_3,7415
2020-01-08,VZS_LIM*,VZS_LIM*_3,1877
2020-01-08,VZS_LUXG,VZS_LUXG_3,862
2020-01-08,VZS_MILI,VZS_MILI_3,918
2020-01-08,VZS_MUEH,VZS_MUEH_3,1577
2020-01-08,VZS_SIHL,VZS_SIHL_3,2073
2020-01-08,VZS_TALS,VZS_TALS_3,559
2020-01-08,VZS_TOED,VZS_TOED_3,284
2020-01-08,VZS_ZOLL,VZS_ZOLL_3,1925
2020-01-09,VZS_ANDR,VZS_ANDR_4,721
2020-01-09,VZS_BINZ,VZS_BINZ_4,546
2020-01-09,VZS_BUCH,VZS_BUCH_4,2778
2020-01-09,VZS_HAR*,VZS_HAR*_4,3521
2020-01-09,VZS_HOFW,VZS_HOFW_4,1626
2020-01-09,VZS_LAN*,VZS_LAN*_4,8180
2020-01-09,VZS_LIM*,VZS_LIM*_4,2100
2020-01-09,VZS_LUXG,VZS_LUXG_4,967
2020-01-09,VZS_MILI,VZS_MILI_4,1054
2020-01-09,VZS_MUEH,VZS_MUEH_4,1692
2020-01-09,VZS_SIHL,VZS_SIHL_4,2143
2020-01-09,VZS_TALS,VZS_TALS_4,617
2020-01-09,VZS_TOED,VZS_TOED_4,304
2020-01-09,VZS_ZOLL,VZS_ZOLL_4,2053
2020-01-10,VZS_ANDR,VZS_ANDR_5,711
2020-01-10,VZS_BUCH,VZS_BUCH_5,2456
2020-01-10,VZS_HAR*,VZS_HAR*_5,3294
2020-01-10,VZS_HOFW,VZS_HOFW_5,1386
2020-01-10,VZS_LAN*,VZS_LAN*_5,8116
2020-01-10,VZS_LIM*,VZS_LIM*_5,2038
2020-01-10,VZS_LUXG,VZS_LUXG_5,886
2020-01-10,VZS_MILI,VZS_MILI_5,885
2020-01-10,VZS_MUEH,VZS_MUEH_5,1553
2020-01-10,VZS_SIHL,VZS_SIHL_5,2018
2020-01-10,VZS_TALS,VZS_TALS_5,558
2020-01-10,VZS_TOED,VZS_TOED_5,265
2020-01-10,VZS_ZOLL,VZS_ZOLL_5,2061
2020-01-11,VZS_ANDR,VZS_ANDR_6,400
2020-01-11,VZS_BUCH,VZS_BUCH_6,1394
2020-01-11,VZS_HAR*,VZS_HAR*_6,1951
2020-01-11,VZS_HOFW,VZS_HOFW_6,794
2020-01-11,VZS_LAN*,VZS_LAN*_6,5739
2020-01-11,VZS_LIM*,VZS_LIM*_6,1231
2020-01-11,VZS_LUXG,VZS_LUXG_6,566
2020-01-11,VZS_MILI,VZS_MILI_6,628
2020-01-11,VZS_MUEH,VZS_MUEH_6,740
2020-01-11,VZS_SCHE,VZS_SCHE_6,626
2020-01-11,VZS_SIHL,VZS_SIHL_6,1053
2020-01-11,VZS_TALS,VZS_TALS_6,387
2020-01-11,VZS_TOED,VZS_TOED_6,73
2020-01-11,VZS_ZOLL,VZS_ZOLL_6,1416
2020-01-12,VZS_ANDR,VZS_ANDR_7,321
2020-01-12,VZS_BUCH,VZS_BUCH_7,1188
2020-01-12,VZS_HAR*,VZS_HAR*_7,1784
2020-01-12,VZS_HOFW,VZS_HOFW_7,548
2020-01-12,VZS_LAN*,VZS_LAN*_7,3770
2020-01-12,VZS_LIM*,VZS_LIM*_7,857
2020-01-12,VZS_LUXG,VZS_LUXG_7,425
2020-01-12,VZS_MILI,VZS_MILI_7,345
2020-01-12,VZS_MUEH,VZS_MUEH_7,553
2020-01-12,VZS_SCHE,VZS_SCHE_7,491
2020-01-12,VZS_SIHL,VZS_SIHL_7,755
2020-01-12,VZS_TALS,VZS_TALS_7,209
2020-01-12,VZS_TOED,VZS_TOED_7,65
2020-01-12,VZS_ZOLL,VZS_ZOLL_7,1034
2020-01-13,VZS_ANDR,VZS_ANDR_1,694
2020-01-13,VZS_BUCH,VZS_BUCH_1,2624
2020-01-13,VZS_HAR*,VZS_HAR*_1,3312
2020-01-13,VZS_HOFW,VZS_HOFW_1,1546
2020-01-13,VZS_LAN*,VZS_LAN*_1,7417
2020-01-13,VZS_LIM*,VZS_LIM*_1,1944
2020-01-13,VZS_LUXG,VZS_LUXG_1,865
2020-01-13,VZS_MILI,VZS_MILI_1,941
2020-01-13,VZS_MUEH,VZS_MUEH_1,1678
2020-01-13,VZS_SCHE,VZS_SCHE_1,1690
2020-01-13,VZS_SIHL,VZS_SIHL_1,2196
2020-01-13,VZS_TALS,VZS_TALS_1,567
2020-01-13,VZS_TOED,VZS_TOED_1,311
2020-01-13,VZS_ZOLL,VZS_ZOLL_1,1880
2020-01-14,VZS_ANDR,VZS_ANDR_2,786
2020-01-14,VZS_BERT,VZS_BERT_2,1311
2020-01-14,VZS_BUCH,VZS_BUCH_2,2822
2020-01-14,VZS_HAR*,VZS_HAR*_2,3519
2020-01-14,VZS_HOFW,VZS_HOFW_2,1600
2020-01-14,VZS_LAN*,VZS_LAN*_2,8079
2020-01-14,VZS_LIM*,VZS_LIM*_2,2126
2020-01-14,VZS_LUXG,VZS_LUXG_2,959
2020-01-14,VZS_MILI,VZS_MILI_2,1036
2020-01-14,VZS_MUEH,VZS_MUEH_2,1761
2020-01-14,VZS_MYTH,VZS_MYTH_2,1210
2020-01-14,VZS_SCHE,VZS_SCHE_2,1760
2020-01-14,VZS_SIHL,VZS_SIHL_2,2300
2020-01-14,VZS_TALS,VZS_TALS_2,551
2020-01-14,VZS_TOED,VZS_TOED_2,331
2020-01-14,VZS_ZOLL,VZS_ZOLL_2,2110
2020-01-15,VZS_ANDR,VZS_ANDR_3,724
2020-01-15,VZS_BERT,VZS_BERT_3,1395
2020-01-15,VZS_BUCH,VZS_BUCH_3,2908
2020-01-15,VZS_HAR*,VZS_HAR*_3,3622
2020-01-15,VZS_HOFW,VZS_HOFW_3,1748
2020-01-15,VZS_LAN*,VZS_LAN*_3,8273
2020-01-15,VZS_LIM*,VZS_LIM*_3,2274
2020-01-15,VZS_LUXG,VZS_LUXG_3,989
2020-01-15,VZS_MILI,VZS_MILI_3,995
2020-01-15,VZS_MUEH,VZS_MUEH_3,1811
2020-01-15,VZS_MYTH,VZS_MYTH_3,1143
2020-01-15,VZS_SCHE,VZS_SCHE_3,1785
2020-01-15,VZS_SIHL,VZS_SIHL_3,2298
2020-01-15,VZS_TALS,VZS_TALS_3,621
2020-01-15,VZS_TOED,VZS_TOED_3,279
2020-01-15,VZS_ZOLL,VZS_ZOLL_3,2136
2020-01-16,VZS_ANDR,VZS_ANDR_4,784
2020-01-16,VZS_BERT,VZS_BERT_4,1342
2020-01-16,VZS_BUCH,VZS_BUCH_4,2910
2020-01-16,VZS_HAR*,VZS_HAR*_4,3550
2020-01-16,VZS_HOFW,VZS_HOFW_4,1786
2020-01-16,VZS_LAN*,VZS_LAN*_4,8680
2020-01-16,VZS_LIM*,VZS_LIM*_4,2194
2020-01-16,VZS_LUXG,VZS_LUXG_4,1092
2020-01-16,VZS_MILI,VZS_MILI_4,1151
2020-01-16,VZS_MUEH,VZS_MUEH_4,1789
2020-01-16,VZS_MYTH,VZS_MYTH_4,1237
2020-01-16,VZS_SCHE,VZS_SCHE_4,1778
2020-01-16,VZS_SIHL,VZS_SIHL_4,2374
2020-01-16,VZS_TALS,VZS_TALS_4,603
2020-01-16,VZS_TOED,VZS_TOED_4,303
2020-01-16,VZS_ZOLL,VZS_ZOLL_4,2093
2020-01-17,VZS_ANDR,VZS_ANDR_5,585
2020-01-17,VZS_BERT,VZS_BERT_5,1149
2020-01-17,VZS_BUCH,VZS_BUCH_5,2210
2020-01-17,VZS_HAR*,VZS_HAR*_5,2679
2020-01-17,VZS_HOFW,VZS_HOFW_5,1374
2020-01-17,VZS_LAN*,VZS_LAN*_5,6749
2020-01-17,VZS_LIM*,VZS_LIM*_5,1676
2020-01-17,VZS_LUXG,VZS_LUXG_5,748
2020-01-17,VZS_MILI,VZS_MILI_5,884
2020-01-17,VZS_MUEH,VZS_MUEH_5,1334
2020-01-17,VZS_SCHE,VZS_SCHE_5,1327
2020-01-17,VZS_SIHL,VZS_SIHL_5,1688
2020-01-17,VZS_TALS,VZS_TALS_5,451
2020-01-17,VZS_TOED,VZS_TOED_5,173
2020-01-17,VZS_ZOLL,VZS_ZOLL_5,1700
2020-01-18,VZS_ANDR,VZS_ANDR_6,323
2020-01-18,VZS_BERT,VZS_BERT_6,948
2020-01-18,VZS_BUCH,VZS_BUCH_6,1194
2020-01-18,VZS_HAR*,VZS_HAR*_6,1886
2020-01-18,VZS_HOFW,VZS_HOFW_6,734
2020-01-18,VZS_LAN*,VZS_LAN*_6,5486
2020-01-18,VZS_LIM*,VZS_LIM*_6,1045
2020-01-18,VZS_LUXG,VZS_LUXG_6,475
2020-01-18,VZS_MILI,VZS_MILI_6,717
2020-01-18,VZS_MUEH,VZS_MUEH_6,678
2020-01-18,VZS_SCHE,VZS_SCHE_6,574
2020-01-18,VZS_SIHL,VZS_SIHL_6,1010
2020-01-18,VZS_TALS,VZS_TALS_6,299
2020-01-18,VZS_TOED,VZS_TOED_6,54
2020-01-18,VZS_ZOLL,VZS_ZOLL_6,1403
2020-01-19,VZS_ANDR,VZS_ANDR_7,320
2020-01-19,VZS_BERT,VZS_BERT_7,670
2020-01-19,VZS_BUCH,VZS_BUCH_7,1012
2020-01-19,VZS_HAR*,VZS_HAR*_7,1592
2020-01-19,VZS_HOFW,VZS_HOFW_7,558
2020-01-19,VZS_LAN*,VZS_LAN*_7,3456
2020-01-19,VZS_LIM*,VZS_LIM*_7,665
2020-01-19,VZS_LUXG,VZS_LUXG_7,362
2020-01-19,VZS_MILI,VZS_MILI_7,336
2020-01-19,VZS_MUEH,VZS_MUEH_7,436
2020-01-19,VZS_SCHE,VZS_SCHE_7,505
2020-01-19,VZS_SIHL,VZS_SIHL_7,712
2020-01-19,VZS_TALS,VZS_TALS_7,182
2020-01-19,VZS_TOED,VZS_TOED_7,92
2020-01-19,VZS_ZOLL,VZS_ZOLL_7,1004
2020-01-20,VZS_ANDR,VZS_ANDR_1,672
2020-01-20,VZS_BERT,VZS_BERT_1,1264
2020-01-20,VZS_BINZ,VZS_BINZ_1,526
2020-01-20,VZS_BUCH,VZS_BUCH_1,2622
2020-01-20,VZS_HAR*,VZS_HAR*_1,3196
2020-01-20,VZS_HOFW,VZS_HOFW_1,1526
2020-01-20,VZS_LAN*,VZS_LAN*_1,7011
2020-01-20,VZS_LIM*,VZS_LIM*_1,1797
2020-01-20,VZS_LUXG,VZS_LUXG_1,800
2020-01-20,VZS_MILI,VZS_MILI_1,876
2020-01-20,VZS_MUEH,VZS_MUEH_1,1483
2020-01-20,VZS_SCHE,VZS_SCHE_1,1512
2020-01-20,VZS_SIHL,VZS_SIHL_1,2049
2020-01-20,VZS_TALS,VZS_TALS_1,505
2020-01-20,VZS_TOED,VZS_TOED_1,275
2020-01-20,VZS_ZOLL,VZS_ZOLL_1,1767
2020-01-21,VZS_ANDR,VZS_ANDR_2,603
2020-01-21,VZS_BERT,VZS_BERT_2,1239
2020-01-21,VZS_BUCH,VZS_BUCH_2,2664
2020-01-21,VZS_HAR*,VZS_HAR*_2,3297
2020-01-21,VZS_HOFW,VZS_HOFW_2,1642
2020-01-21,VZS_LAN*,VZS_LAN*_2,7447
2020-01-21,VZS_LIM*,VZS_LIM*_2,1848
2020-01-21,VZS_LUXG,VZS_LUXG_2,840
2020-01-21,VZS_MILI,VZS_MILI_2,925
2020-01-21,VZS_MUEH,VZS_MUEH_2,1587
2020-01-21,VZS_MYTH,VZS_MYTH_2,1043
2020-01-21,VZS_SCHE,VZS_SCHE_2,1631
2020-01-21,VZS_SIHL,VZS_SIHL_2,2183
2020-01-21,VZS_TALS,VZS_TALS_2,520
2020-01-21,VZS_TOED,VZS_TOED_2,201
2020-01-21,VZS_ZOLL,VZS_ZOLL_2,1910
2020-01-22,VZS_ANDR,VZS_ANDR_3,649
2020-01-22,VZS_BERT,VZS_BERT_3,1228
2020-01-22,VZS_BUCH,VZS_BUCH_3,2356
2020-01-22,VZS_HAR*,VZS_HAR*_3,3220
2020-01-22,VZS_HOFW,VZS_HOFW_3,1492
2020-01-22,VZS_LAN*,VZS_LAN*_3,7405
2020-01-22,VZS_LIM*,VZS_LIM*_3,1789
2020-01-22,VZS_LUXG,VZS_LUXG_3,777
2020-01-22,VZS_MILI,VZS_MILI_3,860
2020-01-22,VZS_MUEH,VZS_MUEH_3,1487
2020-01-22,VZS_MYTH,VZS_MYTH_3,897
2020-01-22,VZS_SCHE,VZS_SCHE_3,1456
2020-01-22,VZS_SIHL,VZS_SIHL_3,1916
2020-01-22,VZS_TALS,VZS_TALS_3,534
2020-01-22,VZS_TOED,VZS_TOED_3,282
2020-01-22,VZS_ZOLL,VZS_ZOLL_3,1803
2020-01-23,VZS_ANDR,VZS_ANDR_4,623
2020-01-23,VZS_BERT,VZS_BERT_4,1057
2020-01-23,VZS_BINZ,VZS_BINZ_4,464
2020-01-23,VZS_BUCH,VZS_BUCH_4,2324
2020-01-23,VZS_HAR*,VZS_HAR*_4,2914
2020-01-23,VZS_HOFW,VZS_HOFW_4,1422
2020-01-23,VZS_LAN*,VZS_LAN*_4,7091
2020-01-23,VZS_LIM*,VZS_LIM*_4,1676
2020-01-23,VZS_LUXG,VZS_LUXG_4,800
2020-01-23,VZS_MILI,VZS_MILI_4,866
2020-01-23,VZS_MUEH,VZS_MUEH_4,1345
2020-01-23,VZS_MYTH,VZS_MYTH_4,862
2020-01-23,VZS_SCHE,VZS_SCHE_4,1380
2020-01-23,VZS_SCHU,VZS_SCHU_4,216
2020-01-23,VZS_SIHL,VZS_SIHL_4,1806
2020-01-23,VZS_TALS,VZS_TALS_4,500
2020-01-23,VZS_TOED,VZS_TOED_4,215
2020-01-23,VZS_ZOLL,VZS_ZOLL_4,1682
2020-01-24,VZS_ANDR,VZS_ANDR_5,612
2020-01-24,VZS_BERT,VZS_BERT_5,1109
2020-01-24,VZS_BINZ,VZS_BINZ_5,478
2020-01-24,VZS_BUCH,VZS_BUCH_5,2172
2020-01-24,VZS_HAR*,VZS_HAR*_5,2722
2020-01-24,VZS_HOFW,VZS_HOFW_5,1372
2020-01-24,VZS_LAN*,VZS_LAN*_5,6991
2020-01-24,VZS_LIM*,VZS_LIM*_5,1659
2020-01-24,VZS_LUXG,VZS_LUXG_5,664
2020-01-24,VZS_MILI,VZS_MILI_5,762
2020-01-24,VZS_MUEH,VZS_MUEH_5,1275
2020-01-24,VZS_MYTH,VZS_MYTH_5,877
2020-01-24,VZS_SCHE,VZS_SCHE_5,1179
2020-01-24,VZS_SCHU,VZS_SCHU_5,237
2020-01-24,VZS_SIHL,VZS_SIHL_5,1755
2020-01-24,VZS_TALS,VZS_TALS_5,470
2020-01-24,VZS_TOED,VZS_TOED_5,204
2020-01-24,VZS_ZOLL,VZS_ZOLL_5,1677
2020-01-25,VZS_ANDR,VZS_ANDR_6,292
2020-01-25,VZS_BERT,VZS_BERT_6,791
2020-01-25,VZS_BINZ,VZS_BINZ_6,229
2020-01-25,VZS_BUCH,VZS_BUCH_6,1088
2020-01-25,VZS_HAR*,VZS_HAR*_6,1671
2020-01-25,VZS_HOFW,VZS_HOFW_6,706
2020-01-25,VZS_LAN*,VZS_LAN*_6,4430
2020-01-25,VZS_LIM*,VZS_LIM*_6,912
2020-01-25,VZS_LUXG,VZS_LUXG_6,449
2020-01-25,VZS_MILI,VZS_MILI_6,488
2020-01-25,VZS_MUEH,VZS_MUEH_6,546
2020-01-25,VZS_MYTH,VZS_MYTH_6,495
2020-01-25,VZS_SCHE,VZS_SCHE_6,516
2020-01-25,VZS_SCHU,VZS_SCHU_6,190
2020-01-25,VZS_SIHL,VZS_SIHL_6,849
2020-01-25,VZS_TALS,VZS_TALS_6,239
2020-01-25,VZS_TOED,VZS_TOED_6,73
2020-01-25,VZS_ZOLL,VZS_ZOLL_6,1195
2020-01-26,VZS_ANDR,VZS_ANDR_7,227
2020-01-26,VZS_BERT,VZS_BERT_7,616
2020-01-26,VZS_BINZ,VZS_BINZ_7,210
2020-01-26,VZS_BUCH,VZS_BUCH_7,1036
2020-01-26,VZS_HAR*,VZS_HAR*_7,1399
2020-01-26,VZS_HOFW,VZS_HOFW_7,502
2020-01-26,VZS_LAN*,VZS_LAN*_7,3311
2020-01-26,VZS_LIM*,VZS_LIM*_7,711
2020-01-26,VZS_LUXG,VZS_LUXG_7,400
2020-01-26,VZS_MILI,VZS_MILI_7,289
2020-01-26,VZS_MUEH,VZS_MUEH_7,463
2020-01-26,VZS_MYTH,VZS_MYTH_7,554
2020-01-26,VZS_SCHE,VZS_SCHE_7,507
2020-01-26,VZS_SCHU,VZS_SCHU_7,99
2020-01-26,VZS_SIHL,VZS_SIHL_7,638
2020-01-26,VZS_TALS,VZS_TALS_7,191
2020-01-26,VZS_TOED,VZS_TOED_7,68
2020-01-26,VZS_ZOLL,VZS_ZOLL_7,967
2020-01-27,VZS_ANDR,VZS_ANDR_1,764
2020-01-27,VZS_BERT,VZS_BERT_1,1205
2020-01-27,VZS_BINZ,VZS_BINZ_1,529
2020-01-27,VZS_BUCH,VZS_BUCH_1,2432
2020-01-27,VZS_HAR*,VZS_HAR*_1,3067
2020-01-27,VZS_HOFW,VZS_HOFW_1,1478
2020-01-27,VZS_LAN*,VZS_LAN*_1,6911
2020-01-27,VZS_LIM*,VZS_LIM*_1,1711
2020-01-27,VZS_LUXG,VZS_LUXG_1,821
2020-01-27,VZS_MILI,VZS_MILI_1,846
2020-01-27,VZS_MUEH,VZS_MUEH_1,1402
2020-01-27,VZS_MYTH,VZS_MYTH_1,944
2020-01-27,VZS_SCHE,VZS_SCHE_1,1370
2020-01-27,VZS_SCHU,VZS_SCHU_1,238
2020-01-27,VZS_SIHL,VZS_SIHL_1,1989
2020-01-27,VZS_TALS,VZS_TALS_1,435
2020-01-27,VZS_TOED,VZS_TOED_1,281
2020-01-27,VZS_ZOLL,VZS_ZOLL_1,1685
2020-01-28,VZS_ANDR,VZS_ANDR_2,392
2020-01-28,VZS_BERT,VZS_BERT_2,844
2020-01-28,VZS_BINZ,VZS_BINZ_2,353
2020-01-28,VZS_BUCH,VZS_BUCH_2,1602
2020-01-28,VZS_HAR*,VZS_HAR*_2,2118
2020-01-28,VZS_HOFW,VZS_HOFW_2,958
2020-01-28,VZS_LAN*,VZS_LAN*_2,4888
2020-01-28,VZS_LIM*,VZS_LIM*_2,1110
2020-01-28,VZS_LUXG,VZS_LUXG_2,499
2020-01-28,VZS_MILI,VZS_MILI_2,527
2020-01-28,VZS_MUEH,VZS_MUEH_2,847
2020-01-28,VZS_MYTH,VZS_MYTH_2,510
2020-01-28,VZS_SCHE,VZS_SCHE_2,924
2020-01-28,VZS_SCHU,VZS_SCHU_2,146
2020-01-28,VZS_SIHL,VZS_SIHL_2,1238
2020-01-28,VZS_TALS,VZS_TALS_2,286
2020-01-28,VZS_TOED,VZS_TOED_2,165
2020-01-28,VZS_ZOLL,VZS_ZOLL_2,1376
2020-01-29,VZS_ANDR,VZS_ANDR_3,434
2020-01-29,VZS_BERT,VZS_BERT_3,907
2020-01-29,VZS_BINZ,VZS_BINZ_3,340
2020-01-29,VZS_BUCH,VZS_BUCH_3,1768
2020-01-29,VZS_HAR*,VZS_HAR*_3,2420
2020-01-29,VZS_HOFW,VZS_HOFW_3,1004
2020-01-29,VZS_LAN*,VZS_LAN*_3,5322
2020-01-29,VZS_LIM*,VZS_LIM*_3,1159
2020-01-29,VZS_LUXG,VZS_LUXG_3,495
2020-01-29,VZS_MILI,VZS_MILI_3,604
2020-01-29,VZS_MUEH,VZS_MUEH_3,955
2020-01-29,VZS_MYTH,VZS_MYTH_3,527
2020-01-29,VZS_SCHE,VZS_SCHE_3,972
2020-01-29,VZS_SCHU,VZS_SCHU_3,195
2020-01-29,VZS_SIHL,VZS_SIHL_3,1264
2020-01-29,VZS_TALS,VZS_TALS_3,341
2020-01-29,VZS_TOED,VZS_TOED_3,183
2020-01-29,VZS_ZOLL,VZS_ZOLL_3,1253
2020-01-30,VZS_ANDR,VZS_ANDR_4,545
2020-01-30,VZS_BERT,VZS_BERT_4,1131
2020-01-30,VZS_BINZ,VZS_BINZ_4,473
2020-01-30,VZS_BUCH,VZS_BUCH_4,2422
2020-01-30,VZS_HAR*,VZS_HAR*_4,2959
2020-01-30,VZS_HOFW,VZS_HOFW_4,1440
2020-01-30,VZS_LAN*,VZS_LAN*_4,6728
2020-01-30,VZS_LIM*,VZS_LIM*_4,1712
2020-01-30,VZS_LUXG,VZS_LUXG_4,810
2020-01-30,VZS_MILI,VZS_MILI_4,901
2020-01-30,VZS_MUEH,VZS_MUEH_4,1276
2020-01-30,VZS_MYTH,VZS_MYTH_4,864
2020-01-30,VZS_SCHE,VZS_SCHE_4,1361
2020-01-30,VZS_SCHU,VZS_SCHU_4,227
2020-01-30,VZS_SIHL,VZS_SIHL_4,1809
2020-01-30,VZS_TALS,VZS_TALS_4,476
2020-01-30,VZS_TOED,VZS_TOED_4,212
2020-01-30,VZS_ZOLL,VZS_ZOLL_4,1754
2020-01-31,VZS_ANDR,VZS_ANDR_5,615
2020-01-31,VZS_BERT,VZS_BERT_5,1285
2020-01-31,VZS_BINZ,VZS_BINZ_5,492
2020-01-31,VZS_BUCH,VZS_BUCH_5,2348
2020-01-31,VZS_HAR*,VZS_HAR*_5,3010
2020-01-31,VZS_HOFW,VZS_HOFW_5,1420
2020-01-31,VZS_LAN*,VZS_LAN*_5,7533
2020-01-31,VZS_LIM*,VZS_LIM*_5,1907
2020-01-31,VZS_LUXG,VZS_LUXG_5,774
2020-01-31,VZS_MILI,VZS_MILI_5,885
2020-01-31,VZS_MUEH,VZS_MUEH_5,1400
2020-01-31,VZS_MYTH,VZS_MYTH_5,957
2020-01-31,VZS_SCHE,VZS_SCHE_5,1323
2020-01-31,VZS_SCHU,VZS_SCHU_5,226
2020-01-31,VZS_SIHL,VZS_SIHL_5,1771
2020-01-31,VZS_TALS,VZS_TALS_5,516
2020-01-31,VZS_TOED,VZS_TOED_5,238
2020-01-31,VZS_ZOLL,VZS_ZOLL_5,1657
2020-02-01,VZS_ANDR,VZS_ANDR_6,359
2020-02-01,VZS_BERT,VZS_BERT_6,814
2020-02-01,VZS_BINZ,VZS_BINZ_6,301
2020-02-01,VZS_BUCH,VZS_BUCH_6,1326
2020-02-01,VZS_HAR*,VZS_HAR*_6,1728
2020-02-01,VZS_HOFW,VZS_HOFW_6,738
2020-02-01,VZS_LAN*,VZS_LAN*_6,5049
2020-02-01,VZS_LIM*,VZS_LIM*_6,1020
2020-02-01,VZS_LUXG,VZS_LUXG_6,466
2020-02-01,VZS_MILI,VZS_MILI_6,519
2020-02-01,VZS_MUEH,VZS_MUEH_6,607
2020-02-01,VZS_MYTH,VZS_MYTH_6,686
2020-02-01,VZS_SCHE,VZS_SCHE_6,531
2020-02-01,VZS_SCHU,VZS_SCHU_6,264
2020-02-01,VZS_SIHL,VZS_SIHL_6,917
2020-02-01,VZS_TALS,VZS_TALS_6,286
2020-02-01,VZS_TOED,VZS_TOED_6,92
2020-02-01,VZS_ZOLL,VZS_ZOLL_6,1187
2020-02-02,VZS_ANDR,VZS_ANDR_7,164
2020-02-02,VZS_BERT,VZS_BERT_7,393
2020-02-02,VZS_BINZ,VZS_BINZ_7,114
2020-02-02,VZS_BUCH,VZS_BUCH_7,570
2020-02-02,VZS_HAR*,VZS_HAR*_7,951
2020-02-02,VZS_HOFW,VZS_HOFW_7,294
2020-02-02,VZS_LAN*,VZS_LAN*_7,2373
2020-02-02,VZS_LIM*,VZS_LIM*_7,356
2020-02-02,VZS_LUXG,VZS_LUXG_7,221
2020-02-02,VZS_MILI,VZS_MILI_7,219
2020-02-02,VZS_MUEH,VZS_MUEH_7,290
2020-02-02,VZS_MYTH,VZS_MYTH_7,237
2020-02-02,VZS_SCHE,VZS_SCHE_7,294
2020-02-02,VZS_SCHU,VZS_SCHU_7,47
2020-02-02,VZS_SIHL,VZS_SIHL_7,435
2020-02-02,VZS_TALS,VZS_TALS_7,105
2020-02-02,VZS_TOED,VZS_TOED_7,31
2020-02-02,VZS_ZOLL,VZS_ZOLL_7,827
2020-02-03,VZS_ANDR,VZS_ANDR_1,393
2020-02-03,VZS_BERT,VZS_BERT_1,739
2020-02-03,VZS_BINZ,VZS_BINZ_1,304
2020-02-03,VZS_BUCH,VZS_BUCH_1,1506
2020-02-03,VZS_HAR*,VZS_HAR*_1,1830
2020-02-03,VZS_HOFW,VZS_HOFW_1,842
2020-02-03,VZS_LAN*,VZS_LAN*_1,3914
2020-02-03,VZS_LIM*,VZS_LIM*_1,952
2020-02-03,VZS_LUXG,VZS_LUXG_1,370
2020-02-03,VZS_MILI,VZS_MILI_1,500
2020-02-03,VZS_MUEH,VZS_MUEH_1,805
2020-02-03,VZS_MYTH,VZS_MYTH_1,449
2020-02-03,VZS_SCHE,VZS_SCHE_1,766
2020-02-03,VZS_SCHU,VZS_SCHU_1,130
2020-02-03,VZS_SIHL,VZS_SIHL_1,1078
2020-02-03,VZS_TALS,VZS_TALS_1,253
2020-02-03,VZS_TOED,VZS_TOED_1,96
2020-02-03,VZS_ZOLL,VZS_ZOLL_1,1024
2020-02-04,VZS_ANDR,VZS_ANDR_2,474
2020-02-04,VZS_BERT,VZS_BERT_2,956
2020-02-04,VZS_BINZ,VZS_BINZ_2,382
2020-02-04,VZS_BUCH,VZS_BUCH_2,1994
2020-02-04,VZS_HAR*,VZS_HAR*_2,2355
2020-02-04,VZS_HOFW,VZS_HOFW_2,1202
2020-02-04,VZS_LAN*,VZS_LAN*_2,5804
2020-02-04,VZS_LIM*,VZS_LIM*_2,1368
2020-02-04,VZS_LUXG,VZS_LUXG_2,665
2020-02-04,VZS_MILI,VZS_MILI_2,673
2020-02-04,VZS_MUEH,VZS_MUEH_2,1051
2020-02-04,VZS_MYTH,VZS_MYTH_2,612
2020-02-04,VZS_SCHE,VZS_SCHE_2,1135
2020-02-04,VZS_SCHU,VZS_SCHU_2,196
2020-02-04,VZS_SIHL,VZS_SIHL_2,1352
2020-02-04,VZS_TALS,VZS_TALS_2,322
2020-02-04,VZS_TOED,VZS_TOED_2,160
2020-02-04,VZS_ZOLL,VZS_ZOLL_2,1331
2020-02-05,VZS_ANDR,VZS_ANDR_3,634
2020-02-05,VZS_BERT,VZS_BERT_3,1189
2020-02-05,VZS_BINZ,VZS_BINZ_3,525
2020-02-05,VZS_BUCH,VZS_BUCH_3,2328
2020-02-05,VZS_HAR*,VZS_HAR*_3,3058
2020-02-05,VZS_HOFW,VZS_HOFW_3,1482
2020-02-05,VZS_LAN*,VZS_LAN*_3,7229
2020-02-05,VZS_LIM*,VZS_LIM*_3,1843
2020-02-05,VZS_LUXG,VZS_LUXG_3,842
2020-02-05,VZS_MILI,VZS_MILI_3,850
2020-02-05,VZS_MUEH,VZS_MUEH_3,1367
2020-02-05,VZS_MYTH,VZS_MYTH_3,870
2020-02-05,VZS_SCHE,VZS_SCHE_3,1436
2020-02-05,VZS_SCHU,VZS_SCHU_3,237
2020-02-05,VZS_SIHL,VZS_SIHL_3,2012
2020-02-05,VZS_TALS,VZS_TALS_3,498
2020-02-05,VZS_TOED,VZS_TOED_3,244
2020-02-05,VZS_ZOLL,VZS_ZOLL_3,1696
2020-02-06,VZS_ANDR,VZS_ANDR_4,735
2020-02-06,VZS_BERT,VZS_BERT_4,1277
2020-02-06,VZS_BINZ,VZS_BINZ_4,498
2020-02-06,VZS_BUCH,VZS_BUCH_4,2574
2020-02-06,VZS_HAR*,VZS_HAR*_4,3212
2020-02-06,VZS_HOFW,VZS_HOFW_4,1596
2020-02-06,VZS_LAN*,VZS_LAN*_4,7697
2020-02-06,VZS_LIM*,VZS_LIM*_4,1935
2020-02-06,VZS_LUXG,VZS_LUXG_4,865
2020-02-06,VZS_MILI,VZS_MILI_4,1007
2020-02-06,VZS_MUEH,VZS_MUEH_4,1416
2020-02-06,VZS_MYTH,VZS_MYTH_4,1008
2020-02-06,VZS_SCHE,VZS_SCHE_4,1495
2020-02-06,VZS_SCHU,VZS_SCHU_4,222
2020-02-06,VZS_SIHL,VZS_SIHL_4,2044
2020-02-06,VZS_TALS,VZS_TALS_4,542
2020-02-06,VZS_TOED,VZS_TOED_4,288
2020-02-06,VZS_ZOLL,VZS_ZOLL_4,1713
2020-02-07,VZS_ANDR,VZS_ANDR_5,631
2020-02-07,VZS_BERT,VZS_BERT_5,1187
2020-02-07,VZS_BINZ,VZS_BINZ_5,452
2020-02-07,VZS_BUCH,VZS_BUCH_5,2264
2020-02-07,VZS_HAR*,VZS_HAR*_5,2978
2020-02-07,VZS_HOFW,VZS_HOFW_5,1472
2020-02-07,VZS_LAN*,VZS_LAN*_5,7063
2020-02-07,VZS_LIM*,VZS_LIM*_5,1752
2020-02-07,VZS_LUXG,VZS_LUXG_5,773
2020-02-07,VZS_MILI,VZS_MILI_5,864
2020-02-07,VZS_MUEH,VZS_MUEH_5,1334
2020-02-07,VZS_MYTH,VZS_MYTH_5,971
2020-02-07,VZS_SCHE,VZS_SCHE_5,1291
2020-02-07,VZS_SCHU,VZS_SCHU_5,222
2020-02-07,VZS_SIHL,VZS_SIHL_5,1769
2020-02-07,VZS_TALS,VZS_TALS_5,519
2020-02-07,VZS_TOED,VZS_TOED_5,227
2020-02-07,VZS_ZOLL,VZS_ZOLL_5,1682
2020-02-08,VZS_ANDR,VZS_ANDR_6,354
2020-02-08,VZS_BERT,VZS_BERT_6,811
2020-02-08,VZS_BINZ,VZS_BINZ_6,235
2020-02-08,VZS_BUCH,VZS_BUCH_6,1186
2020-02-08,VZS_HAR*,VZS_HAR*_6,1755
2020-02-08,VZS_HOFW,VZS_HOFW_6,640
2020-02-08,VZS_LAN*,VZS_LAN*_6,5025
2020-02-08,VZS_LIM*,VZS_LIM*_6,1033
2020-02-08,VZS_LUXG,VZS_LUXG_6,429
2020-02-08,VZS_MILI,VZS_MILI_6,582
2020-02-08,VZS_MUEH,VZS_MUEH_6,607
2020-02-08,VZS_MYTH,VZS_MYTH_6,606
2020-02-08,VZS_SCHE,VZS_SCHE_6,440
2020-02-08,VZS_SCHU,VZS_SCHU_6,175
2020-02-08,VZS_SIHL,VZS_SIHL_6,887
2020-02-08,VZS_TALS,VZS_TALS_6,321
2020-02-08,VZS_TOED,VZS_TOED_6,68
2020-02-08,VZS_ZOLL,VZS_ZOLL_6,1264
2020-02-09,VZS_ANDR,VZS_ANDR_7,322
2020-02-09,VZS_BERT,VZS_BERT_7,564
2020-02-09,VZS_BINZ,VZS_BINZ_7,233
2020-02-09,VZS_BUCH,VZS_BUCH_7,1062
2020-02-09,VZS_HAR*,VZS_HAR*_7,1445
2020-02-09,VZS_HOFW,VZS_HOFW_7,598
2020-02-09,VZS_LAN*,VZS_LAN*_7,3427
2020-02-09,VZS_LIM*,VZS_LIM*_7,795
2020-02-09,VZS_LUXG,VZS_LUXG_7,447
2020-02-09,VZS_MILI,VZS_MILI_7,305
2020-02-09,VZS_MUEH,VZS_MUEH_7,532
2020-02-09,VZS_MYTH,VZS_MYTH_7,666
2020-02-09,VZS_SCHE,VZS_SCHE_7,428
2020-02-09,VZS_SCHU,VZS_SCHU_7,99
2020-02-09,VZS_SIHL,VZS_SIHL_7,705
2020-02-09,VZS_TALS,VZS_TALS_7,217
2020-02-09,VZS_TOED,VZS_TOED_7,78
2020-02-09,VZS_ZOLL,VZS_ZOLL_7,890
2020-02-10,VZS_ANDR,VZS_ANDR_1,284
2020-02-10,VZS_BERT,VZS_BERT_1,622
2020-02-10,VZS_BUCH,VZS_BUCH_1,1182
2020-02-10,VZS_HAR*,VZS_HAR*_1,1705
2020-02-10,VZS_HOFW,VZS_HOFW_1,664
2020-02-10,VZS_LAN*,VZS_LAN*_1,3777
2020-02-10,VZS_LIM*,VZS_LIM*_1,703
2020-02-10,VZS_LUXG,VZS_LUXG_1,364
2020-02-10,VZS_MILI,VZS_MILI_1,369
2020-02-10,VZS_MUEH,VZS_MUEH_1,605
2020-02-10,VZS_MYTH,VZS_MYTH_1,296
2020-02-10,VZS_SCHE,VZS_SCHE_1,610
2020-02-10,VZS_SCHU,VZS_SCHU_1,143
2020-02-10,VZS_SIHL,VZS_SIHL_1,940
2020-02-10,VZS_TALS,VZS_TALS_1,239
2020-02-10,VZS_TOED,VZS_TOED_1,83
2020-02-10,VZS_ZOLL,VZS_ZOLL_1,974
2020-02-11,VZS_ANDR,VZS_ANDR_2,288
2020-02-11,VZS_BERT,VZS_BERT_2,754
2020-02-11,VZS_BUCH,VZS_BUCH_2,1450
2020-02-11,VZS_HAR*,VZS_HAR*_2,1838
2020-02-11,VZS_HOFW,VZS_HOFW_2,866
2020-02-11,VZS_LAN*,VZS_LAN*_2,4466
2020-02-11,VZS_LIM*,VZS_LIM*_2,948
2020-02-11,VZS_LUXG,VZS_LUXG_2,443
2020-02-11,VZS_MILI,VZS_MILI_2,535
2020-02-11,VZS_MUEH,VZS_MUEH_2,781
2020-02-11,VZS_MYTH,VZS_MYTH_2,445
2020-02-11,VZS_SCHE,VZS_SCHE_2,772
2020-02-11,VZS_SCHU,VZS_SCHU_2,127
2020-02-11,VZS_SIHL,VZS_SIHL_2,1172
2020-02-11,VZS_TALS,VZS_TALS_2,317
2020-02-11,VZS_TOED,VZS_TOED_2,125
2020-02-11,VZS_ZOLL,VZS_ZOLL_2,1170
2020-02-12,VZS_ANDR,VZS_ANDR_3,452
2020-02-12,VZS_BERT,VZS_BERT_3,898
2020-02-12,VZS_BINZ,VZS_BINZ_3,384
2020-02-12,VZS_BUCH,VZS_BUCH_3,1824
2020-02-12,VZS_HAR*,VZS_HAR*_3,2331
2020-02-12,VZS_HOFW,VZS_HOFW_3,1038
2020-02-12,VZS_LAN*,VZS_LAN*_3,5663
2020-02-12,VZS_LIM*,VZS_LIM*_3,1241
2020-02-12,VZS_LUXG,VZS_LUXG_3,616
2020-02-12,VZS_MILI,VZS_MILI_3,700
2020-02-12,VZS_MUEH,VZS_MUEH_3,945
2020-02-12,VZS_MYTH,VZS_MYTH_3,590
2020-02-12,VZS_SCHE,VZS_SCHE_3,981
2020-02-12,VZS_SCHU,VZS_SCHU_3,146
2020-02-12,VZS_SIHL,VZS_SIHL_3,1509
2020-02-12,VZS_TALS,VZS_TALS_3,431
2020-02-12,VZS_TOED,VZS_TOED_3,182
2020-02-12,VZS_ZOLL,VZS_ZOLL_3,1351
2020-02-14,VZS_ANDR,VZS_ANDR_5,423
2020-02-14,VZS_BERT,VZS_BERT_5,930
2020-02-14,VZS_BINZ,VZS_BINZ_5,310
2020-02-14,VZS_BUCH,VZS_BUCH_5,1698
2020-02-14,VZS_HAR*,VZS_HAR*_5,2253
2020-02-14,VZS_HOFW,VZS_HOFW_5,998
2020-02-14,VZS_LAN*,VZS_LAN*_5,5668
2020-02-14,VZS_LIM*,VZS_LIM*_5,1260
2020-02-14,VZS_MILI,VZS_MILI_5,613
2020-02-14,VZS_MUEH,VZS_MUEH_5,853
2020-02-14,VZS_MYTH,VZS_MYTH_5,515
2020-02-14,VZS_SAUM,VZS_SAUM_5,150
2020-02-14,VZS_SCHE,VZS_SCHE_5,822
2020-02-14,VZS_SCHU,VZS_SCHU_5,191
2020-02-14,VZS_SIHL,VZS_SIHL_5,1270
2020-02-14,VZS_TALS,VZS_TALS_5,398
2020-02-14,VZS_TOED,VZS_TOED_5,148
2020-02-14,VZS_ZOLL,VZS_ZOLL_5,1415
2020-02-15,VZS_ANDR,VZS_ANDR_6,308
2020-02-15,VZS_BERT,VZS_BERT_6,818
2020-02-15,VZS_BINZ,VZS_BINZ_6,278
2020-02-15,VZS_BUCH,VZS_BUCH_6,1130
2020-02-15,VZS_HAR*,VZS_HAR*_6,1873
2020-02-15,VZS_HOFW,VZS_HOFW_6,684
2020-02-15,VZS_LAN*,VZS_LAN*_6,4956
2020-02-15,VZS_LIM*,VZS_LIM*_6,1137
2020-02-15,VZS_MILI,VZS_MILI_6,522
2020-02-15,VZS_MUEH,VZS_MUEH_6,514
2020-02-15,VZS_MYTH,VZS_MYTH_6,748
2020-02-15,VZS_SAUM,VZS_SAUM_6,111
2020-02-15,VZS_SCHE,VZS_SCHE_6,476
2020-02-15,VZS_SCHU,VZS_SCHU_6,187
2020-02-15,VZS_SIHL,VZS_SIHL_6,915
2020-02-15,VZS_TALS,VZS_TALS_6,321
2020-02-15,VZS_TOED,VZS_TOED_6,66
2020-02-15,VZS_ZOLL,VZS_ZOLL_6,1310
2020-02-16,VZS_ANDR,VZS_ANDR_7,456
2020-02-16,VZS_BERT,VZS_BERT_7,657
2020-02-16,VZS_BINZ,VZS_BINZ_7,224
2020-02-16,VZS_BUCH,VZS_BUCH_7,1092
2020-02-16,VZS_HAR*,VZS_HAR*_7,1521
2020-02-16,VZS_HOFW,VZS_HOFW_7,598
2020-02-16,VZS_LAN*,VZS_LAN*_7,3577
2020-02-16,VZS_LIM*,VZS_LIM*_7,879
2020-02-16,VZS_MILI,VZS_MILI_7,301
2020-02-16,VZS_MUEH,VZS_MUEH_7,521
2020-02-16,VZS_MYTH,VZS_MYTH_7,745
2020-02-16,VZS_SAUM,VZS_SAUM_7,100
2020-02-16,VZS_SCHE,VZS_SCHE_7,430
2020-02-16,VZS_SCHU,VZS_SCHU_7,79
2020-02-16,VZS_SIHL,VZS_SIHL_7,798
2020-02-16,VZS_TALS,VZS_TALS_7,266
2020-02-16,VZS_TOED,VZS_TOED_7,70
2020-02-16,VZS_ZOLL,VZS_ZOLL_7,987
2020-02-17,VZS_ANDR,VZS_ANDR_1,491
2020-02-17,VZS_BERT,VZS_BERT_1,869
2020-02-17,VZS_BINZ,VZS_BINZ_1,376
2020-02-17,VZS_BUCH,VZS_BUCH_1,1878
2020-02-17,VZS_HAR*,VZS_HAR*_1,2271
2020-02-17,VZS_HOFW,VZS_HOFW_1,1114
2020-02-17,VZS_LAN*,VZS_LAN*_1,5003
2020-02-17,VZS_LIM*,VZS_LIM*_1,1159
2020-02-17,VZS_MILI,VZS_MILI_1,629
2020-02-17,VZS_MUEH,VZS_MUEH_1,936
2020-02-17,VZS_MYTH,VZS_MYTH_1,616
2020-02-17,VZS_SAUM,VZS_SAUM_1,176
2020-02-17,VZS_SCHE,VZS_SCHE_1,1208
2020-02-17,VZS_SCHU,VZS_SCHU_1,175
2020-02-17,VZS_SIHL,VZS_SIHL_1,1360
2020-02-17,VZS_TALS,VZS_TALS_1,340
2020-02-17,VZS_TOED,VZS_TOED_1,165
2020-02-17,VZS_ZOLL,VZS_ZOLL_1,1243
2020-02-18,VZS_ANDR,VZS_ANDR_2,661
2020-02-18,VZS_BERT,VZS_BERT_2,1240
2020-02-18,VZS_BINZ,VZS_BINZ_2,480
2020-02-18,VZS_BUCH,VZS_BUCH_2,2604
2020-02-18,VZS_HAR*,VZS_HAR*_2,3187
2020-02-18,VZS_HOFW,VZS_HOFW_2,1462
2020-02-18,VZS_LAN*,VZS_LAN*_2,7015
2020-02-18,VZS_LIM*,VZS_LIM*_2,1737
2020-02-18,VZS_MILI,VZS_MILI_2,876
2020-02-18,VZS_MUEH,VZS_MUEH_2,1323
2020-02-18,VZS_MYTH,VZS_MYTH_2,891
2020-02-18,VZS_SAUM,VZS_SAUM_2,186
2020-02-18,VZS_SCHE,VZS_SCHE_2,1761
2020-02-18,VZS_SCHU,VZS_SCHU_2,213
2020-02-18,VZS_SIHL,VZS_SIHL_2,1877
2020-02-18,VZS_TALS,VZS_TALS_2,510
2020-02-18,VZS_TOED,VZS_TOED_2,242
2020-02-18,VZS_ZOLL,VZS_ZOLL_2,1624
2020-02-19,VZS_ANDR,VZS_ANDR_3,462
2020-02-19,VZS_BERT,VZS_BERT_3,923
2020-02-19,VZS_BINZ,VZS_BINZ_3,380
2020-02-19,VZS_BUCH,VZS_BUCH_3,2100
2020-02-19,VZS_HAR*,VZS_HAR*_3,2478
2020-02-19,VZS_HOFW,VZS_HOFW_3,1080
2020-02-19,VZS_LAN*,VZS_LAN*_3,5675
2020-02-19,VZS_LIM*,VZS_LIM*_3,1255
2020-02-19,VZS_LUXG,VZS_LUXG_3,357
2020-02-19,VZS_MILI,VZS_MILI_3,703
2020-02-19,VZS_MUEH,VZS_MUEH_3,952
2020-02-19,VZS_MYTH,VZS_MYTH_3,633
2020-02-19,VZS_SAUM,VZS_SAUM_3,147
2020-02-19,VZS_SCHE,VZS_SCHE_3,1286
2020-02-19,VZS_SCHU,VZS_SCHU_3,223
2020-02-19,VZS_SIHL,VZS_SIHL_3,1513
2020-02-19,VZS_TALS,VZS_TALS_3,388
2020-02-19,VZS_TOED,VZS_TOED_3,160
2020-02-19,VZS_ZOLL,VZS_ZOLL_3,1379
2020-02-20,VZS_ANDR,VZS_ANDR_4,711
2020-02-20,VZS_BERT,VZS_BERT_4,1164
2020-02-20,VZS_BINZ,VZS_BINZ_4,520
2020-02-20,VZS_BUCH,VZS_BUCH_4,2666
2020-02-20,VZS_HAR*,VZS_HAR*_4,3227
2020-02-20,VZS_HOFW,VZS_HOFW_4,1600
2020-02-20,VZS_LAN*,VZS_LAN*_4,7621
2020-02-20,VZS_LIM*,VZS_LIM*_4,1945
2020-02-20,VZS_LUXG,VZS_LUXG_4,515
2020-02-20,VZS_MILI,VZS_MILI_4,933
2020-02-20,VZS_MUEH,VZS_MUEH_4,1344
2020-02-20,VZS_MYTH,VZS_MYTH_4,950
2020-02-20,VZS_SAUM,VZS_SAUM_4,180
2020-02-20,VZS_SCHE,VZS_SCHE_4,1716
2020-02-20,VZS_SCHU,VZS_SCHU_4,213
2020-02-20,VZS_SIHL,VZS_SIHL_4,1989
2020-02-20,VZS_TALS,VZS_TALS_4,526
2020-02-20,VZS_TOED,VZS_TOED_4,241
2020-02-20,VZS_ZOLL,VZS_ZOLL_4,1854
2020-02-21,VZS_ANDR,VZS_ANDR_5,675
2020-02-21,VZS_BERT,VZS_BERT_5,1179
2020-02-21,VZS_BINZ,VZS_BINZ_5,425
2020-02-21,VZS_BUCH,VZS_BUCH_5,2334
2020-02-21,VZS_HAR*,VZS_HAR*_5,2942
2020-02-21,VZS_HOFW,VZS_HOFW_5,1380
2020-02-21,VZS_LAN*,VZS_LAN*_5,7257
2020-02-21,VZS_LIM*,VZS_LIM*_5,1770
2020-02-21,VZS_LUXG,VZS_LUXG_5,450
2020-02-21,VZS_MILI,VZS_MILI_5,837
2020-02-21,VZS_MUEH,VZS_MUEH_5,1161
2020-02-21,VZS_MYTH,VZS_MYTH_5,877
2020-02-21,VZS_SAUM,VZS_SAUM_5,156
2020-02-21,VZS_SCHE,VZS_SCHE_5,1418
2020-02-21,VZS_SCHU,VZS_SCHU_5,218
2020-02-21,VZS_SIHL,VZS_SIHL_5,1787
2020-02-21,VZS_TALS,VZS_TALS_5,484
2020-02-21,VZS_TOED,VZS_TOED_5,204
2020-02-21,VZS_ZOLL,VZS_ZOLL_5,1613
2020-02-22,VZS_ANDR,VZS_ANDR_6,435
2020-02-22,VZS_BERT,VZS_BERT_6,1031
2020-02-22,VZS_BINZ,VZS_BINZ_6,360
2020-02-22,VZS_BUCH,VZS_BUCH_6,1372
2020-02-22,VZS_HAR*,VZS_HAR*_6,2331
2020-02-22,VZS_HOFW,VZS_HOFW_6,962
2020-02-22,VZS_LAN*,VZS_LAN*_6,6146
2020-02-22,VZS_LIM*,VZS_LIM*_6,1347
2020-02-22,VZS_LUXG,VZS_LUXG_6,428
2020-02-22,VZS_MILI,VZS_MILI_6,634
2020-02-22,VZS_MUEH,VZS_MUEH_6,762
2020-02-22,VZS_MYTH,VZS_MYTH_6,1126
2020-02-22,VZS_SAUM,VZS_SAUM_6,114
2020-02-22,VZS_SCHE,VZS_SCHE_6,615
2020-02-22,VZS_SCHU,VZS_SCHU_6,281
2020-02-22,VZS_SIHL,VZS_SIHL_6,1194
2020-02-22,VZS_TALS,VZS_TALS_6,408
2020-02-22,VZS_TOED,VZS_TOED_6,88
2020-02-22,VZS_ZOLL,VZS_ZOLL_6,1613
2020-02-23,VZS_ANDR,VZS_ANDR_7,332
2020-02-23,VZS_BERT,VZS_BERT_7,666
2020-02-23,VZS_BINZ,VZS_BINZ_7,268
2020-02-23,VZS_BUCH,VZS_BUCH_7,1282
2020-02-23,VZS_HAR*,VZS_HAR*_7,1797
2020-02-23,VZS_HOFW,VZS_HOFW_7,668
2020-02-23,VZS_LAN*,VZS_LAN*_7,3890
2020-02-23,VZS_LIM*,VZS_LIM*_7,880
2020-02-23,VZS_LUXG,VZS_LUXG_7,329
2020-02-23,VZS_MILI,VZS_MILI_7,373
2020-02-23,VZS_MUEH,VZS_MUEH_7,658
2020-02-23,VZS_MYTH,VZS_MYTH_7,690
2020-02-23,VZS_SAUM,VZS_SAUM_7,110
2020-02-23,VZS_SCHE,VZS_SCHE_7,485
2020-02-23,VZS_SCHU,VZS_SCHU_7,131
2020-02-23,VZS_SIHL,VZS_SIHL_7,853
2020-02-23,VZS_TALS,VZS_TALS_7,225
2020-02-23,VZS_TOED,VZS_TOED_7,73
2020-02-23,VZS_ZOLL,VZS_ZOLL_7,1135
2020-02-24,VZS_ANDR,VZS_ANDR_1,844
2020-02-24,VZS_BERT,VZS_BERT_1,1465
2020-02-24,VZS_BINZ,VZS_BINZ_1,666
2020-02-24,VZS_BUCH,VZS_BUCH_1,3370
2020-02-24,VZS_HAR*,VZS_HAR*_1,3900
2020-02-24,VZS_HOFW,VZS_HOFW_1,1918
2020-02-24,VZS_LAN*,VZS_LAN*_1,8413
2020-02-24,VZS_LIM*,VZS_LIM*_1,2432
2020-02-24,VZS_MILI,VZS_MILI_1,1045
2020-02-24,VZS_MUEH,VZS_MUEH_1,1866
2020-02-24,VZS_MYTH,VZS_MYTH_1,1307
2020-02-24,VZS_SAUM,VZS_SAUM_1,209
2020-02-24,VZS_SCHE,VZS_SCHE_1,2112
2020-02-24,VZS_SCHU,VZS_SCHU_1,285
2020-02-24,VZS_SIHL,VZS_SIHL_1,2489
2020-02-24,VZS_TALS,VZS_TALS_1,663
2020-02-24,VZS_TOED,VZS_TOED_1,344
2020-02-24,VZS_ZOLL,VZS_ZOLL_1,2135
2020-02-25,VZS_ANDR,VZS_ANDR_2,562
2020-02-25,VZS_BERT,VZS_BERT_2,1291
2020-02-25,VZS_BINZ,VZS_BINZ_2,542
2020-02-25,VZS_BUCH,VZS_BUCH_2,2738
2020-02-25,VZS_HAR*,VZS_HAR*_2,3121
2020-02-25,VZS_HOFW,VZS_HOFW_2,1516
2020-02-25,VZS_LAN*,VZS_LAN*_2,7316
2020-02-25,VZS_LIM*,VZS_LIM*_2,1814
2020-02-25,VZS_LUXG,VZS_LUXG_2,525
2020-02-25,VZS_MILI,VZS_MILI_2,973
2020-02-25,VZS_MUEH,VZS_MUEH_2,1686
2020-02-25,VZS_MYTH,VZS_MYTH_2,1012
2020-02-25,VZS_SAUM,VZS_SAUM_2,183
2020-02-25,VZS_SCHE,VZS_SCHE_2,1952
2020-02-25,VZS_SCHU,VZS_SCHU_2,259
2020-02-25,VZS_SIHL,VZS_SIHL_2,1984
2020-02-25,VZS_TALS,VZS_TALS_2,493
2020-02-25,VZS_TOED,VZS_TOED_2,249
2020-02-25,VZS_ZOLL,VZS_ZOLL_2,1644
2020-02-26,VZS_ANDR,VZS_ANDR_3,456
2020-02-26,VZS_BERT,VZS_BERT_3,962
2020-02-26,VZS_BINZ,VZS_BINZ_3,393
2020-02-26,VZS_BUCH,VZS_BUCH_3,1944
2020-02-26,VZS_HAR*,VZS_HAR*_3,2474
2020-02-26,VZS_HOFW,VZS_HOFW_3,992
2020-02-26,VZS_LAN*,VZS_LAN*_3,5432
2020-02-26,VZS_LIM*,VZS_LIM*_3,1249
2020-02-26,VZS_LUXG,VZS_LUXG_3,360
2020-02-26,VZS_MILI,VZS_MILI_3,626
2020-02-26,VZS_MUEH,VZS_MUEH_3,1095
2020-02-26,VZS_MYTH,VZS_MYTH_3,561
2020-02-26,VZS_SAUM,VZS_SAUM_3,165
2020-02-26,VZS_SCHE,VZS_SCHE_3,1269
2020-02-26,VZS_SCHU,VZS_SCHU_3,149
2020-02-26,VZS_SIHL,VZS_SIHL_3,1364
2020-02-26,VZS_TALS,VZS_TALS_3,365
2020-02-26,VZS_TOED,VZS_TOED_3,188
2020-02-26,VZS_ZOLL,VZS_ZOLL_3,1228
2020-02-27,VZS_ANDR,VZS_ANDR_4,443
2020-02-27,VZS_BERT,VZS_BERT_4,962
2020-02-27,VZS_BINZ,VZS_BINZ_4,389
2020-02-27,VZS_BUCH,VZS_BUCH_4,2076
2020-02-27,VZS_HAR*,VZS_HAR*_4,2466
2020-02-27,VZS_HOFW,VZS_HOFW_4,1104
2020-02-27,VZS_LAN*,VZS_LAN*_4,5633
2020-02-27,VZS_LIM*,VZS_LIM*_4,1309
2020-02-27,VZS_LUXG,VZS_LUXG_4,358
2020-02-27,VZS_MILI,VZS_MILI_4,737
2020-02-27,VZS_MUEH,VZS_MUEH_4,1059
2020-02-27,VZS_MYTH,VZS_MYTH_4,703
2020-02-27,VZS_SAUM,VZS_SAUM_4,184
2020-02-27,VZS_SCHE,VZS_SCHE_4,1371
2020-02-27,VZS_SCHU,VZS_SCHU_4,182
2020-02-27,VZS_SIHL,VZS_SIHL_4,1422
2020-02-27,VZS_TALS,VZS_TALS_4,383
2020-02-27,VZS_TOED,VZS_TOED_4,217
2020-02-27,VZS_ZOLL,VZS_ZOLL_4,1248
2020-02-28,VZS_ANDR,VZS_ANDR_5,630
2020-02-28,VZS_BERT,VZS_BERT_5,1249
2020-02-28,VZS_BINZ,VZS_BINZ_5,463
2020-02-28,VZS_BUCH,VZS_BUCH_5,2432
2020-02-28,VZS_HAR*,VZS_HAR*_5,3031
2020-02-28,VZS_HOFW,VZS_HOFW_5,1444
2020-02-28,VZS_LAN*,VZS_LAN*_5,7670
2020-02-28,VZS_LIM*,VZS_LIM*_5,1894
2020-02-28,VZS_LUXG,VZS_LUXG_5,494
2020-02-28,VZS_MILI,VZS_MILI_5,883
2020-02-28,VZS_MUEH,VZS_MUEH_5,1340
2020-02-28,VZS_MYTH,VZS_MYTH_5,949
2020-02-28,VZS_SAUM,VZS_SAUM_5,165
2020-02-28,VZS_SCHE,VZS_SCHE_5,1588
2020-02-28,VZS_SCHU,VZS_SCHU_5,235
2020-02-28,VZS_SIHL,VZS_SIHL_5,1824
2020-02-28,VZS_TALS,VZS_TALS_5,544
2020-02-28,VZS_TOED,VZS_TOED_5,238
2020-02-28,VZS_ZOLL,VZS_ZOLL_5,1927
2020-02-29,VZS_ANDR,VZS_ANDR_6,397
2020-02-29,VZS_BERT,VZS_BERT_6,943
2020-02-29,VZS_BINZ,VZS_BINZ_6,322
2020-02-29,VZS_BUCH,VZS_BUCH_6,1338
2020-02-29,VZS_HAR*,VZS_HAR*_6,1908
2020-02-29,VZS_HOFW,VZS_HOFW_6,782
2020-02-29,VZS_LAN*,VZS_LAN*_6,5188
2020-02-29,VZS_LIM*,VZS_LIM*_6,1210
2020-02-29,VZS_LUXG,VZS_LUXG_6,322
2020-02-29,VZS_MILI,VZS_MILI_6,549
2020-02-29,VZS_MUEH,VZS_MUEH_6,762
2020-02-29,VZS_MYTH,VZS_MYTH_6,862
2020-02-29,VZS_SAUM,VZS_SAUM_6,108
2020-02-29,VZS_SCHE,VZS_SCHE_6,609
2020-02-29,VZS_SCHU,VZS_SCHU_6,267
2020-02-29,VZS_SIHL,VZS_SIHL_6,958
2020-02-29,VZS_TALS,VZS_TALS_6,306
2020-02-29,VZS_TOED,VZS_TOED_6,96
2020-02-29,VZS_ZOLL,VZS_ZOLL_6,1583
2020-03-01,VZS_ANDR,VZS_ANDR_7,563
2020-03-01,VZS_BERT,VZS_BERT_7,751
2020-03-01,VZS_BINZ,VZS_BINZ_7,314
2020-03-01,VZS_BUCH,VZS_BUCH_7,1312
2020-03-01,VZS_HAR*,VZS_HAR*_7,1720
2020-03-01,VZS_HOFW,VZS_HOFW_7,698
2020-03-01,VZS_LAN*,VZS_LAN*_7,3993
2020-03-01,VZS_LIM*,VZS_LIM*_7,1210
2020-03-01,VZS_LUXG,VZS_LUXG_7,465
2020-03-01,VZS_MILI,VZS_MILI_7,441
2020-03-01,VZS_MUEH,VZS_MUEH_7,689
2020-03-01,VZS_MYTH,VZS_MYTH_7,1174
2020-03-01,VZS_SAUM,VZS_SAUM_7,123
2020-03-01,VZS_SCHE,VZS_SCHE_7,603
2020-03-01,VZS_SCHU,VZS_SCHU_7,129
2020-03-01,VZS_SIHL,VZS_SIHL_7,955
2020-03-01,VZS_TALS,VZS_TALS_7,258
2020-03-01,VZS_TOED,VZS_TOED_7,117
2020-03-01,VZS_ZOLL,VZS_ZOLL_7,1222
2020-03-02,VZS_ANDR,VZS_ANDR_1,572
2020-03-02,VZS_BERT,VZS_BERT_1,1040
2020-03-02,VZS_BINZ,VZS_BINZ_1,456
2020-03-02,VZS_BUCH,VZS_BUCH_1,2380
2020-03-02,VZS_HAR*,VZS_HAR*_1,2789
2020-03-02,VZS_HOFW,VZS_HOFW_1,1360
2020-03-02,VZS_LAN*,VZS_LAN*_1,5978
2020-03-02,VZS_LIM*,VZS_LIM*_1,1607
2020-03-02,VZS_LUXG,VZS_LUXG_1,503
2020-03-02,VZS_MILI,VZS_MILI_1,819
2020-03-02,VZS_MUEH,VZS_MUEH_1,1472
2020-03-02,VZS_MYTH,VZS_MYTH_1,876
2020-03-02,VZS_SAUM,VZS_SAUM_1,169
2020-03-02,VZS_SCHE,VZS_SCHE_1,1655
2020-03-02,VZS_SCHU,VZS_SCHU_1,220
2020-03-02,VZS_SIHL,VZS_SIHL_1,1742
2020-03-02,VZS_TALS,VZS_TALS_1,470
2020-03-02,VZS_TOED,VZS_TOED_1,284
2020-03-02,VZS_ZOLL,VZS_ZOLL_1,1556
2020-03-03,VZS_ANDR,VZS_ANDR_2,645
2020-03-03,VZS_BERT,VZS_BERT_2,1295
2020-03-03,VZS_BINZ,VZS_BINZ_2,556
2020-03-03,VZS_BUCH,VZS_BUCH_2,2830
2020-03-03,VZS_HAR*,VZS_HAR*_2,3392
2020-03-03,VZS_HOFW,VZS_HOFW_2,1620
2020-03-03,VZS_LAN*,VZS_LAN*_2,7857
2020-03-03,VZS_LIM*,VZS_LIM*_2,1990
2020-03-03,VZS_LUXG,VZS_LUXG_2,500
2020-03-03,VZS_MILI,VZS_MILI_2,939
2020-03-03,VZS_MUEH,VZS_MUEH_2,1576
2020-03-03,VZS_MYTH,VZS_MYTH_2,1086
2020-03-03,VZS_SAUM,VZS_SAUM_2,181
2020-03-03,VZS_SCHE,VZS_SCHE_2,2046
2020-03-03,VZS_SCHU,VZS_SCHU_2,243
2020-03-03,VZS_SIHL,VZS_SIHL_2,2080
2020-03-03,VZS_TALS,VZS_TALS_2,546
2020-03-03,VZS_TOED,VZS_TOED_2,291
2020-03-03,VZS_ZOLL,VZS_ZOLL_2,1911
2020-03-04,VZS_ANDR,VZS_ANDR_3,779
2020-03-04,VZS_BERT,VZS_BERT_3,1393
2020-03-04,VZS_BINZ,VZS_BINZ_3,660
2020-03-04,VZS_BUCH,VZS_BUCH_3,3084
2020-03-04,VZS_HAR*,VZS_HAR*_3,3718
2020-03-04,VZS_HOFW,VZS_HOFW_3,1890
2020-03-04,VZS_LAN*,VZS_LAN*_3,8216
2020-03-04,VZS_LIM*,VZS_LIM*_3,2218
2020-03-04,VZS_LUXG,VZS_LUXG_3,641
2020-03-04,VZS_MILI,VZS_MILI_3,1047
2020-03-04,VZS_MUEH,VZS_MUEH_3,1786
2020-03-04,VZS_MYTH,VZS_MYTH_3,1225
2020-03-04,VZS_SAUM,VZS_SAUM_3,183
2020-03-04,VZS_SCHE,VZS_SCHE_3,2103
2020-03-04,VZS_SCHU,VZS_SCHU_3,293
2020-03-04,VZS_SIHL,VZS_SIHL_3,2211
2020-03-04,VZS_TALS,VZS_TALS_3,598
2020-03-04,VZS_TOED,VZS_TOED_3,292
2020-03-04,VZS_ZOLL,VZS_ZOLL_3,2070
2020-03-05,VZS_ANDR,VZS_ANDR_4,390
2020-03-05,VZS_BERT,VZS_BERT_4,846
2020-03-05,VZS_BINZ,VZS_BINZ_4,410
2020-03-05,VZS_BUCH,VZS_BUCH_4,1974
2020-03-05,VZS_HAR*,VZS_HAR*_4,2223
2020-03-05,VZS_HOFW,VZS_HOFW_4,1048
2020-03-05,VZS_LAN*,VZS_LAN*_4,4740
2020-03-05,VZS_LIM*,VZS_LIM*_4,1067
2020-03-05,VZS_LUXG,VZS_LUXG_4,329
2020-03-05,VZS_MILI,VZS_MILI_4,630
2020-03-05,VZS_MUEH,VZS_MUEH_4,936
2020-03-05,VZS_MYTH,VZS_MYTH_4,666
2020-03-05,VZS_SAUM,VZS_SAUM_4,136
2020-03-05,VZS_SCHE,VZS_SCHE_4,1282
2020-03-05,VZS_SCHU,VZS_SCHU_4,151
2020-03-05,VZS_SIHL,VZS_SIHL_4,1209
2020-03-05,VZS_TALS,VZS_TALS_4,322
2020-03-05,VZS_TOED,VZS_TOED_4,186
2020-03-05,VZS_ZOLL,VZS_ZOLL_4,1373
2020-03-06,VZS_ANDR,VZS_ANDR_5,488
2020-03-06,VZS_BERT,VZS_BERT_5,1019
2020-03-06,VZS_BINZ,VZS_BINZ_5,425
2020-03-06,VZS_BUCH,VZS_BUCH_5,2166
2020-03-06,VZS_HAR*,VZS_HAR*_5,2598
2020-03-06,VZS_HOFW,VZS_HOFW_5,1290
2020-03-06,VZS_LAN*,VZS_LAN*_5,6325
2020-03-06,VZS_LIM*,VZS_LIM*_5,1548
2020-03-06,VZS_LUXG,VZS_LUXG_5,517
2020-03-06,VZS_MILI,VZS_MILI_5,746
2020-03-06,VZS_MUEH,VZS_MUEH_5,1224
2020-03-06,VZS_MYTH,VZS_MYTH_5,721
2020-03-06,VZS_SAUM,VZS_SAUM_5,155
2020-03-06,VZS_SCHE,VZS_SCHE_5,1348
2020-03-06,VZS_SCHU,VZS_SCHU_5,225
2020-03-06,VZS_SIHL,VZS_SIHL_5,1523
2020-03-06,VZS_TALS,VZS_TALS_5,391
2020-03-06,VZS_TOED,VZS_TOED_5,214
2020-03-06,VZS_ZOLL,VZS_ZOLL_5,1841
2020-03-07,VZS_ANDR,VZS_ANDR_6,431
2020-03-07,VZS_BERT,VZS_BERT_6,957
2020-03-07,VZS_BINZ,VZS_BINZ_6,362
2020-03-07,VZS_BUCH,VZS_BUCH_6,1472
2020-03-07,VZS_HAR*,VZS_HAR*_6,2007
2020-03-07,VZS_HOFW,VZS_HOFW_6,936
2020-03-07,VZS_LAN*,VZS_LAN*_6,6006
2020-03-07,VZS_LIM*,VZS_LIM*_6,1231
2020-03-07,VZS_LUXG,VZS_LUXG_6,391
2020-03-07,VZS_MILI,VZS_MILI_6,619
2020-03-07,VZS_MUEH,VZS_MUEH_6,740
2020-03-07,VZS_MYTH,VZS_MYTH_6,745
2020-03-07,VZS_SAUM,VZS_SAUM_6,77
2020-03-07,VZS_SCHE,VZS_SCHE_6,631
2020-03-07,VZS_SCHU,VZS_SCHU_6,307
2020-03-07,VZS_SIHL,VZS_SIHL_6,1019
2020-03-07,VZS_TALS,VZS_TALS_6,360
2020-03-07,VZS_TOED,VZS_TOED_6,80
2020-03-07,VZS_ZOLL,VZS_ZOLL_6,1203
2020-03-08,VZS_ANDR,VZS_ANDR_7,491
2020-03-08,VZS_BERT,VZS_BERT_7,837
2020-03-08,VZS_BINZ,VZS_BINZ_7,347
2020-03-08,VZS_BUCH,VZS_BUCH_7,1340
2020-03-08,VZS_HAR*,VZS_HAR*_7,1964
2020-03-08,VZS_HOFW,VZS_HOFW_7,792
2020-03-08,VZS_LAN*,VZS_LAN*_7,4438
2020-03-08,VZS_LIM*,VZS_LIM*_7,1434
2020-03-08,VZS_LUXG,VZS_LUXG_7,457
2020-03-08,VZS_MILI,VZS_MILI_7,365
2020-03-08,VZS_MUEH,VZS_MUEH_7,702
2020-03-08,VZS_MYTH,VZS_MYTH_7,1096
2020-03-08,VZS_SAUM,VZS_SAUM_7,131
2020-03-08,VZS_SCHE,VZS_SCHE_7,612
2020-03-08,VZS_SCHU,VZS_SCHU_7,118
2020-03-08,VZS_SIHL,VZS_SIHL_7,935
2020-03-08,VZS_TALS,VZS_TALS_7,282
2020-03-08,VZS_TOED,VZS_TOED_7,106
2020-03-08,VZS_ZOLL,VZS_ZOLL_7,1202
2020-03-09,VZS_ANDR,VZS_ANDR_1,544
2020-03-09,VZS_BERT,VZS_BERT_1,1012
2020-03-09,VZS_BINZ,VZS_BINZ_1,453
2020-03-09,VZS_BUCH,VZS_BUCH_1,2376
2020-03-09,VZS_HAR*,VZS_HAR*_1,2593
2020-03-09,VZS_HOFW,VZS_HOFW_1,1192
2020-03-09,VZS_LAN*,VZS_LAN*_1,5980
2020-03-09,VZS_LIM*,VZS_LIM*_1,1444
2020-03-09,VZS_LUXG,VZS_LUXG_1,412
2020-03-09,VZS_MILI,VZS_MILI_1,655
2020-03-09,VZS_MUEH,VZS_MUEH_1,1208
2020-03-09,VZS_MYTH,VZS_MYTH_1,731
2020-03-09,VZS_SAUM,VZS_SAUM_1,156
2020-03-09,VZS_SCHE,VZS_SCHE_1,1553
2020-03-09,VZS_SCHU,VZS_SCHU_1,243
2020-03-09,VZS_SIHL,VZS_SIHL_1,1463
2020-03-09,VZS_TALS,VZS_TALS_1,421
2020-03-09,VZS_TOED,VZS_TOED_1,201
2020-03-09,VZS_ZOLL,VZS_ZOLL_1,1734
2020-03-10,VZS_ANDR,VZS_ANDR_2,469
2020-03-10,VZS_BERT,VZS_BERT_2,989
2020-03-10,VZS_BINZ,VZS_BINZ_2,416
2020-03-10,VZS_BUCH,VZS_BUCH_2,2228
2020-03-10,VZS_HAR*,VZS_HAR*_2,2554
2020-03-10,VZS_HOFW,VZS_HOFW_2,1252
2020-03-10,VZS_LAN*,VZS_LAN*_2,5363
2020-03-10,VZS_LIM*,VZS_LIM*_2,1316
2020-03-10,VZS_LUXG,VZS_LUXG_2,401
2020-03-10,VZS_MILI,VZS_MILI_2,659
2020-03-10,VZS_MUEH,VZS_MUEH_2,1136
2020-03-10,VZS_MYTH,VZS_MYTH_2,765
2020-03-10,VZS_SAUM,VZS_SAUM_2,160
2020-03-10,VZS_SCHE,VZS_SCHE_2,1520
2020-03-10,VZS_SCHU,VZS_SCHU_2,195
2020-03-10,VZS_SIHL,VZS_SIHL_2,1364
2020-03-10,VZS_TALS,VZS_TALS_2,327
2020-03-10,VZS_TOED,VZS_TOED_2,185
2020-03-10,VZS_ZOLL,VZS_ZOLL_2,1716
2020-03-11,VZS_ANDR,VZS_ANDR_3,820
2020-03-11,VZS_BERT,VZS_BERT_3,1549
2020-03-11,VZS_BINZ,VZS_BINZ_3,685
2020-03-11,VZS_BUCH,VZS_BUCH_3,3472
2020-03-11,VZS_HAR*,VZS_HAR*_3,3793
2020-03-11,VZS_HOFW,VZS_HOFW_3,1922
2020-03-11,VZS_LAN*,VZS_LAN*_3,8752
2020-03-11,VZS_LIM*,VZS_LIM*_3,2509
2020-03-11,VZS_LUXG,VZS_LUXG_3,583
2020-03-11,VZS_MILI,VZS_MILI_3,1088
2020-03-11,VZS_MUEH,VZS_MUEH_3,1988
2020-03-11,VZS_MYTH,VZS_MYTH_3,1309
2020-03-11,VZS_SAUM,VZS_SAUM_3,191
2020-03-11,VZS_SCHE,VZS_SCHE_3,2196
2020-03-11,VZS_SCHU,VZS_SCHU_3,321
2020-03-11,VZS_SIHL,VZS_SIHL_3,2316
2020-03-11,VZS_TALS,VZS_TALS_3,614
2020-03-11,VZS_TOED,VZS_TOED_3,327
2020-03-11,VZS_ZOLL,VZS_ZOLL_3,2592
2020-03-12,VZS_ANDR,VZS_ANDR_4,865
2020-03-12,VZS_BERT,VZS_BERT_4,1651
2020-03-12,VZS_BINZ,VZS_BINZ_4,710
2020-03-12,VZS_BUCH,VZS_BUCH_4,3516
2020-03-12,VZS_HAR*,VZS_HAR*_4,4079
2020-03-12,VZS_HOFW,VZS_HOFW_4,2058
2020-03-12,VZS_LAN*,VZS_LAN*_4,9386
2020-03-12,VZS_LIM*,VZS_LIM*_4,2771
2020-03-12,VZS_LUXG,VZS_LUXG_4,743
2020-03-12,VZS_MILI,VZS_MILI_4,1190
2020-03-12,VZS_MUEH,VZS_MUEH_4,2056
2020-03-12,VZS_MYTH,VZS_MYTH_4,1514
2020-03-12,VZS_SAUM,VZS_SAUM_4,214
2020-03-12,VZS_SCHE,VZS_SCHE_4,2312
2020-03-12,VZS_SCHU,VZS_SCHU_4,314
2020-03-12,VZS_SIHL,VZS_SIHL_4,2414
2020-03-12,VZS_TALS,VZS_TALS_4,651
2020-03-12,VZS_TOED,VZS_TOED_4,350
2020-03-12,VZS_ZOLL,VZS_ZOLL_4,2614
2020-03-13,VZS_ANDR,VZS_ANDR_5,887
2020-03-13,VZS_BERT,VZS_BERT_5,1639
2020-03-13,VZS_BINZ,VZS_BINZ_5,659
2020-03-13,VZS_BUCH,VZS_BUCH_5,3100
2020-03-13,VZS_HAR*,VZS_HAR*_5,3582
2020-03-13,VZS_HOFW,VZS_HOFW_5,1878
2020-03-13,VZS_LAN*,VZS_LAN*_5,9042
2020-03-13,VZS_LIM*,VZS_LIM*_5,2389
2020-03-13,VZS_LUXG,VZS_LUXG_5,656
2020-03-13,VZS_MILI,VZS_MILI_5,1016
2020-03-13,VZS_MUEH,VZS_MUEH_5,1813
2020-03-13,VZS_MYTH,VZS_MYTH_5,1085
2020-03-13,VZS_SAUM,VZS_SAUM_5,215
2020-03-13,VZS_SCHE,VZS_SCHE_5,1850
2020-03-13,VZS_SCHU,VZS_SCHU_5,320
2020-03-13,VZS_SIHL,VZS_SIHL_5,2075
2020-03-13,VZS_TALS,VZS_TALS_5,578
2020-03-13,VZS_TOED,VZS_TOED_5,244
2020-03-13,VZS_ZOLL,VZS_ZOLL_5,2460
2020-03-14,VZS_ANDR,VZS_ANDR_6,632
2020-03-14,VZS_BERT,VZS_BERT_6,1213
2020-03-14,VZS_BINZ,VZS_BINZ_6,482
2020-03-14,VZS_BUCH,VZS_BUCH_6,1906
2020-03-14,VZS_HAR*,VZS_HAR*_6,2530
2020-03-14,VZS_HOFW,VZS_HOFW_6,1174
2020-03-14,VZS_LAN*,VZS_LAN*_6,6528
2020-03-14,VZS_LIM*,VZS_LIM*_6,1550
2020-03-14,VZS_LUXG,VZS_LUXG_6,456
2020-03-14,VZS_MILI,VZS_MILI_6,677
2020-03-14,VZS_MUEH,VZS_MUEH_6,1029
2020-03-14,VZS_MYTH,VZS_MYTH_6,994
2020-03-14,VZS_SAUM,VZS_SAUM_6,105
2020-03-14,VZS_SCHE,VZS_SCHE_6,718
2020-03-14,VZS_SCHU,VZS_SCHU_6,365
2020-03-14,VZS_SIHL,VZS_SIHL_6,1401
2020-03-14,VZS_TALS,VZS_TALS_6,390
2020-03-14,VZS_TOED,VZS_TOED_6,112
2020-03-14,VZS_ZOLL,VZS_ZOLL_6,1816
2020-03-15,VZS_ANDR,VZS_ANDR_7,929
2020-03-15,VZS_BERT,VZS_BERT_7,1175
2020-03-15,VZS_BINZ,VZS_BINZ_7,568
2020-03-15,VZS_BUCH,VZS_BUCH_7,2218
2020-03-15,VZS_HAR*,VZS_HAR*_7,2723
2020-03-15,VZS_HOFW,VZS_HOFW_7,1334
2020-03-15,VZS_LAN*,VZS_LAN*_7,5237
2020-03-15,VZS_LIM*,VZS_LIM*_7,1922
2020-03-15,VZS_LUXG,VZS_LUXG_7,627
2020-03-15,VZS_MILI,VZS_MILI_7,376
2020-03-15,VZS_MUEH,VZS_MUEH_7,982
2020-03-15,VZS_MYTH,VZS_MYTH_7,2079
2020-03-15,VZS_SAUM,VZS_SAUM_7,164
2020-03-15,VZS_SCHE,VZS_SCHE_7,791
2020-03-15,VZS_SCHU,VZS_SCHU_7,135
2020-03-15,VZS_SIHL,VZS_SIHL_7,1338
2020-03-15,VZS_TALS,VZS_TALS_7,353
2020-03-15,VZS_TOED,VZS_TOED_7,179
2020-03-15,VZS_ZOLL,VZS_ZOLL_7,1346
2020-03-16,VZS_ANDR,VZS_ANDR_1,1122
2020-03-16,VZS_BERT,VZS_BERT_1,1575
2020-03-16,VZS_BINZ,VZS_BINZ_1,823
2020-03-16,VZS_BUCH,VZS_BUCH_1,3642
2020-03-16,VZS_HAR*,VZS_HAR*_1,3613
2020-03-16,VZS_HOFW,VZS_HOFW_1,2392
2020-03-16,VZS_LAN*,VZS_LAN*_1,9012
2020-03-16,VZS_LIM*,VZS_LIM*_1,2815
2020-03-16,VZS_LUXG,VZS_LUXG_1,858
2020-03-16,VZS_MILI,VZS_MILI_1,1134
2020-03-16,VZS_MUEH,VZS_MUEH_1,2155
2020-03-16,VZS_MYTH,VZS_MYTH_1,1691
2020-03-16,VZS_SAUM,VZS_SAUM_1,222
2020-03-16,VZS_SCHE,VZS_SCHE_1,1984
2020-03-16,VZS_SCHU,VZS_SCHU_1,419
2020-03-16,VZS_SIHL,VZS_SIHL_1,2399
2020-03-16,VZS_TALS,VZS_TALS_1,709
2020-03-16,VZS_TOED,VZS_TOED_1,379
2020-03-16,VZS_ZOLL,VZS_ZOLL_1,2392
2020-03-17,VZS_ANDR,VZS_ANDR_2,1050
2020-03-17,VZS_BERT,VZS_BERT_2,1231
2020-03-17,VZS_BINZ,VZS_BINZ_2,699
2020-03-17,VZS_BUCH,VZS_BUCH_2,3180
2020-03-17,VZS_HAR*,VZS_HAR*_2,2989
2020-03-17,VZS_HOFW,VZS_HOFW_2,2560
2020-03-17,VZS_LAN*,VZS_LAN*_2,6587
2020-03-17,VZS_LIM*,VZS_LIM*_2,2279
2020-03-17,VZS_LUXG,VZS_LUXG_2,672
2020-03-17,VZS_MILI,VZS_MILI_2,642
2020-03-17,VZS_MUEH,VZS_MUEH_2,1724
2020-03-17,VZS_MYTH,VZS_MYTH_2,1572
2020-03-17,VZS_SAUM,VZS_SAUM_2,211
2020-03-17,VZS_SCHE,VZS_SCHE_2,1712
2020-03-17,VZS_SCHU,VZS_SCHU_2,249
2020-03-17,VZS_SIHL,VZS_SIHL_2,1677
2020-03-17,VZS_TALS,VZS_TALS_2,469
2020-03-17,VZS_TOED,VZS_TOED_2,345
2020-03-17,VZS_ZOLL,VZS_ZOLL_2,1664
2020-03-18,VZS_ANDR,VZS_ANDR_3,1094
2020-03-18,VZS_BERT,VZS_BERT_3,1325
2020-03-18,VZS_BINZ,VZS_BINZ_3,806
2020-03-18,VZS_BUCH,VZS_BUCH_3,3194
2020-03-18,VZS_HAR*,VZS_HAR*_3,3203
2020-03-18,VZS_HOFW,VZS_HOFW_3,2202
2020-03-18,VZS_LAN*,VZS_LAN*_3,6795
2020-03-18,VZS_LIM*,VZS_LIM*_3,2353
2020-03-18,VZS_LUXG,VZS_LUXG_3,719
2020-03-18,VZS_MILI,VZS_MILI_3,535
2020-03-18,VZS_MUEH,VZS_MUEH_3,1591
2020-03-18,VZS_MYTH,VZS_MYTH_3,1713
2020-03-18,VZS_SAUM,VZS_SAUM_3,174
2020-03-18,VZS_SCHE,VZS_SCHE_3,1540
2020-03-18,VZS_SCHU,VZS_SCHU_3,254
2020-03-18,VZS_SIHL,VZS_SIHL_3,1631
2020-03-18,VZS_TALS,VZS_TALS_3,448
2020-03-18,VZS_TOED,VZS_TOED_3,356
2020-03-18,VZS_ZOLL,VZS_ZOLL_3,1548
2020-03-19,VZS_ANDR,VZS_ANDR_4,1100
2020-03-19,VZS_BERT,VZS_BERT_4,1218
2020-03-19,VZS_BINZ,VZS_BINZ_4,790
2020-03-19,VZS_BUCH,VZS_BUCH_4,3120
2020-03-19,VZS_HAR*,VZS_HAR*_4,3236
2020-03-19,VZS_HOFW,VZS_HOFW_4,2218
2020-03-19,VZS_LAN*,VZS_LAN*_4,6553
2020-03-19,VZS_LIM*,VZS_LIM*_4,2298
2020-03-19,VZS_LUXG,VZS_LUXG_4,693
2020-03-19,VZS_MILI,VZS_MILI_4,561
2020-03-19,VZS_MUEH,VZS_MUEH_4,1559
2020-03-19,VZS_MYTH,VZS_MYTH_4,1823
2020-03-19,VZS_SAUM,VZS_SAUM_4,202
2020-03-19,VZS_SCHE,VZS_SCHE_4,1500
2020-03-19,VZS_SCHU,VZS_SCHU_4,282
2020-03-19,VZS_SIHL,VZS_SIHL_4,1592
2020-03-19,VZS_TALS,VZS_TALS_4,497
2020-03-19,VZS_TOED,VZS_TOED_4,343
2020-03-19,VZS_ZOLL,VZS_ZOLL_4,1525
2020-03-20,VZS_ANDR,VZS_ANDR_5,989
2020-03-20,VZS_BERT,VZS_BERT_5,1219
2020-03-20,VZS_BINZ,VZS_BINZ_5,668
2020-03-20,VZS_BUCH,VZS_BUCH_5,2934
2020-03-20,VZS_HAR*,VZS_HAR*_5,2819
2020-03-20,VZS_HOFW,VZS_HOFW_5,1830
2020-03-20,VZS_LAN*,VZS_LAN*_5,6088
2020-03-20,VZS_LIM*,VZS_LIM*_5,1872
2020-03-20,VZS_LUXG,VZS_LUXG_5,688
2020-03-20,VZS_MILI,VZS_MILI_5,405
2020-03-20,VZS_MUEH,VZS_MUEH_5,1381
2020-03-20,VZS_MYTH,VZS_MYTH_5,1188
2020-03-20,VZS_SAUM,VZS_SAUM_5,194
2020-03-20,VZS_SCHE,VZS_SCHE_5,1250
2020-03-20,VZS_SCHU,VZS_SCHU_5,268
2020-03-20,VZS_SIHL,VZS_SIHL_5,1426
2020-03-20,VZS_TALS,VZS_TALS_5,374
2020-03-20,VZS_TOED,VZS_TOED_5,237
2020-03-20,VZS_ZOLL,VZS_ZOLL_5,1445
2020-03-21,VZS_ANDR,VZS_ANDR_6,538
2020-03-21,VZS_BERT,VZS_BERT_6,695
2020-03-21,VZS_BINZ,VZS_BINZ_6,369
2020-03-21,VZS_BUCH,VZS_BUCH_6,1418
2020-03-21,VZS_HAR*,VZS_HAR*_6,1508
2020-03-21,VZS_HOFW,VZS_HOFW_6,874
2020-03-21,VZS_LAN*,VZS_LAN*_6,3504
2020-03-21,VZS_LIM*,VZS_LIM*_6,940
2020-03-21,VZS_LUXG,VZS_LUXG_6,371
2020-03-21,VZS_MILI,VZS_MILI_6,272
2020-03-21,VZS_MUEH,VZS_MUEH_6,611
2020-03-21,VZS_MYTH,VZS_MYTH_6,580
2020-03-21,VZS_SAUM,VZS_SAUM_6,83
2020-03-21,VZS_SCHE,VZS_SCHE_6,512
2020-03-21,VZS_SCHU,VZS_SCHU_6,149
2020-03-21,VZS_SIHL,VZS_SIHL_6,699
2020-03-21,VZS_TALS,VZS_TALS_6,205
2020-03-21,VZS_TOED,VZS_TOED_6,57
2020-03-21,VZS_ZOLL,VZS_ZOLL_6,824
2020-03-22,VZS_ANDR,VZS_ANDR_7,465
2020-03-22,VZS_BERT,VZS_BERT_7,564
2020-03-22,VZS_BINZ,VZS_BINZ_7,348
2020-03-22,VZS_BUCH,VZS_BUCH_7,1278
2020-03-22,VZS_HAR*,VZS_HAR*_7,1539
2020-03-22,VZS_HOFW,VZS_HOFW_7,726
2020-03-22,VZS_LAN*,VZS_LAN*_7,2800
2020-03-22,VZS_LIM*,VZS_LIM*_7,812
2020-03-22,VZS_LUXG,VZS_LUXG_7,357
2020-03-22,VZS_MILI,VZS_MILI_7,145
2020-03-22,VZS_MUEH,VZS_MUEH_7,548
2020-03-22,VZS_MYTH,VZS_MYTH_7,510
2020-03-22,VZS_SAUM,VZS_SAUM_7,74
2020-03-22,VZS_SCHE,VZS_SCHE_7,451
2020-03-22,VZS_SCHU,VZS_SCHU_7,75
2020-03-22,VZS_SIHL,VZS_SIHL_7,646
2020-03-22,VZS_TALS,VZS_TALS_7,151
2020-03-22,VZS_TOED,VZS_TOED_7,57
2020-03-22,VZS_ZOLL,VZS_ZOLL_7,650
2020-03-23,VZS_ANDR,VZS_ANDR_1,566
2020-03-23,VZS_BERT,VZS_BERT_1,841
2020-03-23,VZS_BINZ,VZS_BINZ_1,472
2020-03-23,VZS_BUCH,VZS_BUCH_1,2168
2020-03-23,VZS_HAR*,VZS_HAR*_1,2226
2020-03-23,VZS_HOFW,VZS_HOFW_1,1402
2020-03-23,VZS_LAN*,VZS_LAN*_1,4548
2020-03-23,VZS_LIM*,VZS_LIM*_1,1454
2020-03-23,VZS_LUXG,VZS_LUXG_1,501
2020-03-23,VZS_MILI,VZS_MILI_1,352
2020-03-23,VZS_MUEH,VZS_MUEH_1,1168
2020-03-23,VZS_MYTH,VZS_MYTH_1,867
2020-03-23,VZS_SAUM,VZS_SAUM_1,129
2020-03-23,VZS_SCHE,VZS_SCHE_1,1073
2020-03-23,VZS_SCHU,VZS_SCHU_1,155
2020-03-23,VZS_SIHL,VZS_SIHL_1,1109
2020-03-23,VZS_TALS,VZS_TALS_1,298
2020-03-23,VZS_TOED,VZS_TOED_1,199
2020-03-23,VZS_ZOLL,VZS_ZOLL_1,1015
2020-03-24,VZS_ANDR,VZS_ANDR_2,622
2020-03-24,VZS_BERT,VZS_BERT_2,868
2020-03-24,VZS_BINZ,VZS_BINZ_2,494
2020-03-24,VZS_BUCH,VZS_BUCH_2,2056
2020-03-24,VZS_HAR*,VZS_HAR*_2,2136
2020-03-24,VZS_HOFW,VZS_HOFW_2,1346
2020-03-24,VZS_LAN*,VZS_LAN*_2,4795
2020-03-24,VZS_LIM*,VZS_LIM*_2,1442
2020-03-24,VZS_LUXG,VZS_LUXG_2,473
2020-03-24,VZS_MILI,VZS_MILI_2,345
2020-03-24,VZS_MUEH,VZS_MUEH_2,1169
2020-03-24,VZS_MYTH,VZS_MYTH_2,869
2020-03-24,VZS_SAUM,VZS_SAUM_2,143
2020-03-24,VZS_SCHE,VZS_SCHE_2,1088
2020-03-24,VZS_SCHU,VZS_SCHU_2,201
2020-03-24,VZS_SIHL,VZS_SIHL_2,1086
2020-03-24,VZS_TALS,VZS_TALS_2,273
2020-03-24,VZS_TOED,VZS_TOED_2,193
2020-03-24,VZS_ZOLL,VZS_ZOLL_2,998
2020-03-25,VZS_ANDR,VZS_ANDR_3,617
2020-03-25,VZS_BERT,VZS_BERT_3,871
2020-03-25,VZS_BINZ,VZS_BINZ_3,488
2020-03-25,VZS_BUCH,VZS_BUCH_3,2056
2020-03-25,VZS_HAR*,VZS_HAR*_3,2182
2020-03-25,VZS_HOFW,VZS_HOFW_3,1346
2020-03-25,VZS_LAN*,VZS_LAN*_3,4789
2020-03-25,VZS_LIM*,VZS_LIM*_3,1396
2020-03-25,VZS_LUXG,VZS_LUXG_3,468
2020-03-25,VZS_MILI,VZS_MILI_3,293
2020-03-25,VZS_MUEH,VZS_MUEH_3,1146
2020-03-25,VZS_MYTH,VZS_MYTH_3,889
2020-03-25,VZS_SAUM,VZS_SAUM_3,145
2020-03-25,VZS_SCHE,VZS_SCHE_3,1038
2020-03-25,VZS_SCHU,VZS_SCHU_3,184
2020-03-25,VZS_SIHL,VZS_SIHL_3,1069
2020-03-25,VZS_TALS,VZS_TALS_3,305
2020-03-25,VZS_TOED,VZS_TOED_3,195
2020-03-25,VZS_ZOLL,VZS_ZOLL_3,954
2020-03-26,VZS_ANDR,VZS_ANDR_4,559
2020-03-26,VZS_BERT,VZS_BERT_4,818
2020-03-26,VZS_BINZ,VZS_BINZ_4,420
2020-03-26,VZS_BUCH,VZS_BUCH_4,1890
2020-03-26,VZS_HAR*,VZS_HAR*_4,2128
2020-03-26,VZS_HOFW,VZS_HOFW_4,1300
2020-03-26,VZS_LAN*,VZS_LAN*_4,4640
2020-03-26,VZS_LIM*,VZS_LIM*_4,1338
2020-03-26,VZS_MILI,VZS_MILI_4,356
2020-03-26,VZS_MUEH,VZS_MUEH_4,1151
2020-03-26,VZS_MYTH,VZS_MYTH_4,890
2020-03-26,VZS_SAUM,VZS_SAUM_4,137
2020-03-26,VZS_SCHE,VZS_SCHE_4,1042
2020-03-26,VZS_SCHU,VZS_SCHU_4,133
2020-03-26,VZS_SIHL,VZS_SIHL_4,1040
2020-03-26,VZS_TALS,VZS_TALS_4,322
2020-03-26,VZS_TOED,VZS_TOED_4,228
2020-03-26,VZS_ZOLL,VZS_ZOLL_4,1029
2020-03-27,VZS_ANDR,VZS_ANDR_5,790
2020-03-27,VZS_BERT,VZS_BERT_5,979
2020-03-27,VZS_BINZ,VZS_BINZ_5,556
2020-03-27,VZS_BUCH,VZS_BUCH_5,2346
2020-03-27,VZS_HAR*,VZS_HAR*_5,2403
2020-03-27,VZS_HOFW,VZS_HOFW_5,1468
2020-03-27,VZS_LAN*,VZS_LAN*_5,5355
2020-03-27,VZS_LIM*,VZS_LIM*_5,1631
2020-03-27,VZS_LUXG,VZS_LUXG_5,544
2020-03-27,VZS_MILI,VZS_MILI_5,325
2020-03-27,VZS_MUEH,VZS_MUEH_5,1320
2020-03-27,VZS_MYTH,VZS_MYTH_5,1009
2020-03-27,VZS_SAUM,VZS_SAUM_5,150
2020-03-27,VZS_SCHE,VZS_SCHE_5,1080
2020-03-27,VZS_SCHU,VZS_SCHU_5,200
2020-03-27,VZS_SIHL,VZS_SIHL_5,1210
2020-03-27,VZS_TALS,VZS_TALS_5,340
2020-03-27,VZS_TOED,VZS_TOED_5,195
2020-03-27,VZS_ZOLL,VZS_ZOLL_5,1197
2020-03-28,VZS_ANDR,VZS_ANDR_6,1178
2020-03-28,VZS_BERT,VZS_BERT_6,1079
2020-03-28,VZS_BINZ,VZS_BINZ_6,907
2020-03-28,VZS_BUCH,VZS_BUCH_6,2672
2020-03-28,VZS_HAR*,VZS_HAR*_6,2831
2020-03-28,VZS_HOFW,VZS_HOFW_6,1730
2020-03-28,VZS_LAN*,VZS_LAN*_6,5608
2020-03-28,VZS_LIM*,VZS_LIM*_6,1957
2020-03-28,VZS_LUXG,VZS_LUXG_6,682
2020-03-28,VZS_MILI,VZS_MILI_6,355
2020-03-28,VZS_MUEH,VZS_MUEH_6,1116
2020-03-28,VZS_MYTH,VZS_MYTH_6,1983
2020-03-28,VZS_SAUM,VZS_SAUM_6,182
2020-03-28,VZS_SCHE,VZS_SCHE_6,869
2020-03-28,VZS_SCHU,VZS_SCHU_6,275
2020-03-28,VZS_SIHL,VZS_SIHL_6,1422
2020-03-28,VZS_TALS,VZS_TALS_6,413
2020-03-28,VZS_TOED,VZS_TOED_6,112
2020-03-28,VZS_ZOLL,VZS_ZOLL_6,1169
2020-03-29,VZS_ANDR,VZS_ANDR_7,215
2020-03-29,VZS_BERT,VZS_BERT_7,340
2020-03-29,VZS_BINZ,VZS_BINZ_7,136
2020-03-29,VZS_BUCH,VZS_BUCH_7,658
2020-03-29,VZS_HAR*,VZS_HAR*_7,934
2020-03-29,VZS_HOFW,VZS_HOFW_7,378
2020-03-29,VZS_LAN*,VZS_LAN*_7,1776
2020-03-29,VZS_LIM*,VZS_LIM*_7,437
2020-03-29,VZS_LUXG,VZS_LUXG_7,132
2020-03-29,VZS_MILI,VZS_MILI_7,108
2020-03-29,VZS_MUEH,VZS_MUEH_7,329
2020-03-29,VZS_MYTH,VZS_MYTH_7,353
2020-03-29,VZS_SAUM,VZS_SAUM_7,64
2020-03-29,VZS_SCHE,VZS_SCHE_7,250
2020-03-29,VZS_SCHU,VZS_SCHU_7,43
2020-03-29,VZS_SIHL,VZS_SIHL_7,380
2020-03-29,VZS_TALS,VZS_TALS_7,90
2020-03-29,VZS_TOED,VZS_TOED_7,44
2020-03-29,VZS_ZOLL,VZS_ZOLL_7,470
2020-03-30,VZS_ANDR,VZS_ANDR_1,377
2020-03-30,VZS_BERT,VZS_BERT_1,657
2020-03-30,VZS_BINZ,VZS_BINZ_1,293
2020-03-30,VZS_BUCH,VZS_BUCH_1,1326
2020-03-30,VZS_HAR*,VZS_HAR*_1,1626
2020-03-30,VZS_HOFW,VZS_HOFW_1,892
2020-03-30,VZS_LAN*,VZS_LAN*_1,3554
2020-03-30,VZS_LIM*,VZS_LIM*_1,891
2020-03-30,VZS_MILI,VZS_MILI_1,271
2020-03-30,VZS_MUEH,VZS_MUEH_1,749
2020-03-30,VZS_MYTH,VZS_MYTH_1,499
2020-03-30,VZS_SAUM,VZS_SAUM_1,116
2020-03-30,VZS_SCHE,VZS_SCHE_1,665
2020-03-30,VZS_SCHU,VZS_SCHU_1,155
2020-03-30,VZS_SIHL,VZS_SIHL_1,692
2020-03-30,VZS_TALS,VZS_TALS_1,224
2020-03-30,VZS_TOED,VZS_TOED_1,147
2020-03-30,VZS_ZOLL,VZS_ZOLL_1,855
2020-03-31,VZS_ANDR,VZS_ANDR_2,609
2020-03-31,VZS_BERT,VZS_BERT_2,894
2020-03-31,VZS_BINZ,VZS_BINZ_2,541
2020-03-31,VZS_BUCH,VZS_BUCH_2,1970
2020-03-31,VZS_HAR*,VZS_HAR*_2,2261
2020-03-31,VZS_HOFW,VZS_HOFW_2,1206
2020-03-31,VZS_LAN*,VZS_LAN*_2,4842
2020-03-31,VZS_LIM*,VZS_LIM*_2,1414
2020-03-31,VZS_LUXG,VZS_LUXG_2,498
2020-03-31,VZS_MILI,VZS_MILI_2,338
2020-03-31,VZS_MUEH,VZS_MUEH_2,1140
2020-03-31,VZS_MYTH,VZS_MYTH_2,859
2020-03-31,VZS_SAUM,VZS_SAUM_2,146
2020-03-31,VZS_SCHE,VZS_SCHE_2,1009
2020-03-31,VZS_SCHU,VZS_SCHU_2,202
2020-03-31,VZS_SIHL,VZS_SIHL_2,1084
2020-03-31,VZS_TALS,VZS_TALS_2,297
2020-03-31,VZS_TOED,VZS_TOED_2,186
2020-03-31,VZS_ZOLL,VZS_ZOLL_2,1153
2020-04-01,VZS_ANDR,VZS_ANDR_3,831
2020-04-01,VZS_BERT,VZS_BERT_3,1049
2020-04-01,VZS_BINZ,VZS_BINZ_3,585
2020-04-01,VZS_BUCH,VZS_BUCH_3,2236
2020-04-01,VZS_HAR*,VZS_HAR*_3,2539
2020-04-01,VZS_HOFW,VZS_HOFW_3,1614
2020-04-01,VZS_LAN*,VZS_LAN*_3,5724
2020-04-01,VZS_LIM*,VZS_LIM*_3,1653
2020-04-01,VZS_LUXG,VZS_LUXG_3,605
2020-04-01,VZS_MILI,VZS_MILI_3,434
2020-04-01,VZS_MUEH,VZS_MUEH_3,1360
2020-04-01,VZS_MYTH,VZS_MYTH_3,1159
2020-04-01,VZS_SAUM,VZS_SAUM_3,140
2020-04-01,VZS_SCHE,VZS_SCHE_3,1119
2020-04-01,VZS_SCHU,VZS_SCHU_3,197
2020-04-01,VZS_SIHL,VZS_SIHL_3,1238
2020-04-01,VZS_TALS,VZS_TALS_3,351
2020-04-01,VZS_TOED,VZS_TOED_3,229
2020-04-01,VZS_ZOLL,VZS_ZOLL_3,1219
2020-04-02,VZS_ANDR,VZS_ANDR_4,940
2020-04-02,VZS_BERT,VZS_BERT_4,1067
2020-04-02,VZS_BINZ,VZS_BINZ_4,595
2020-04-02,VZS_BUCH,VZS_BUCH_4,2410
2020-04-02,VZS_HAR*,VZS_HAR*_4,2741
2020-04-02,VZS_HOFW,VZS_HOFW_4,1702
2020-04-02,VZS_LAN*,VZS_LAN*_4,5882
2020-04-02,VZS_LIM*,VZS_LIM*_4,1739
2020-04-02,VZS_MILI,VZS_MILI_4,402
2020-04-02,VZS_MUEH,VZS_MUEH_4,1342
2020-04-02,VZS_MYTH,VZS_MYTH_4,1315
2020-04-02,VZS_SAUM,VZS_SAUM_4,166
2020-04-02,VZS_SCHE,VZS_SCHE_4,1194
2020-04-02,VZS_SCHU,VZS_SCHU_4,204
2020-04-02,VZS_SIHL,VZS_SIHL_4,1372
2020-04-02,VZS_TALS,VZS_TALS_4,358
2020-04-02,VZS_TOED,VZS_TOED_4,236
2020-04-02,VZS_ZOLL,VZS_ZOLL_4,1241
2020-04-03,VZS_ANDR,VZS_ANDR_5,913
2020-04-03,VZS_BERT,VZS_BERT_5,1190
2020-04-03,VZS_BINZ,VZS_BINZ_5,727
2020-04-03,VZS_BUCH,VZS_BUCH_5,2462
2020-04-03,VZS_HAR*,VZS_HAR*_5,2872
2020-04-03,VZS_HOFW,VZS_HOFW_5,1598
2020-04-03,VZS_LAN*,VZS_LAN*_5,6385
2020-04-03,VZS_LIM*,VZS_LIM*_5,1791
2020-04-03,VZS_LUXG,VZS_LUXG_5,725
2020-04-03,VZS_MILI,VZS_MILI_5,497
2020-04-03,VZS_MUEH,VZS_MUEH_5,1434
2020-04-03,VZS_MYTH,VZS_MYTH_5,1358
2020-04-03,VZS_SAUM,VZS_SAUM_5,145
2020-04-03,VZS_SCHE,VZS_SCHE_5,1159
2020-04-03,VZS_SCHU,VZS_SCHU_5,220
2020-04-03,VZS_SIHL,VZS_SIHL_5,1267
2020-04-03,VZS_TALS,VZS_TALS_5,430
2020-04-03,VZS_TOED,VZS_TOED_5,221
2020-04-03,VZS_ZOLL,VZS_ZOLL_5,1287
2020-04-04,VZS_ANDR,VZS_ANDR_6,1107
2020-04-04,VZS_BERT,VZS_BERT_6,1184
2020-04-04,VZS_BINZ,VZS_BINZ_6,851
2020-04-04,VZS_BUCH,VZS_BUCH_6,2564
2020-04-04,VZS_HAR*,VZS_HAR*_6,2740
2020-04-04,VZS_HOFW,VZS_HOFW_6,1684
2020-04-04,VZS_LAN*,VZS_LAN*_6,5842
2020-04-04,VZS_LIM*,VZS_LIM*_6,1824
2020-04-04,VZS_LUXG,VZS_LUXG_6,709
2020-04-04,VZS_MILI,VZS_MILI_6,429
2020-04-04,VZS_MUEH,VZS_MUEH_6,1128
2020-04-04,VZS_MYTH,VZS_MYTH_6,1765
2020-04-04,VZS_SAUM,VZS_SAUM_6,141
2020-04-04,VZS_SCHE,VZS_SCHE_6,891
2020-04-04,VZS_SCHU,VZS_SCHU_6,287
2020-04-04,VZS_SIHL,VZS_SIHL_6,1411
2020-04-04,VZS_TALS,VZS_TALS_6,415
2020-04-04,VZS_TOED,VZS_TOED_6,119
2020-04-04,VZS_ZOLL,VZS_ZOLL_6,1100
2020-04-05,VZS_ANDR,VZS_ANDR_7,1167
2020-04-05,VZS_BERT,VZS_BERT_7,938
2020-04-05,VZS_BINZ,VZS_BINZ_7,877
2020-04-05,VZS_BUCH,VZS_BUCH_7,2672
2020-04-05,VZS_HAR*,VZS_HAR*_7,2693
2020-04-05,VZS_HOFW,VZS_HOFW_7,1722
2020-04-05,VZS_LAN*,VZS_LAN*_7,5200
2020-04-05,VZS_LIM*,VZS_LIM*_7,1914
2020-04-05,VZS_LUXG,VZS_LUXG_7,767
2020-04-05,VZS_MILI,VZS_MILI_7,325
2020-04-05,VZS_MUEH,VZS_MUEH_7,1099
2020-04-05,VZS_MYTH,VZS_MYTH_7,2085
2020-04-05,VZS_SAUM,VZS_SAUM_7,197
2020-04-05,VZS_SCHE,VZS_SCHE_7,850
2020-04-05,VZS_SCHU,VZS_SCHU_7,130
2020-04-05,VZS_SIHL,VZS_SIHL_7,1384
2020-04-05,VZS_TALS,VZS_TALS_7,378
2020-04-05,VZS_TOED,VZS_TOED_7,131
2020-04-05,VZS_ZOLL,VZS_ZOLL_7,1162
2020-04-06,VZS_ANDR,VZS_ANDR_1,1020
2020-04-06,VZS_BERT,VZS_BERT_1,1234
2020-04-06,VZS_BINZ,VZS_BINZ_1,680
2020-04-06,VZS_BUCH,VZS_BUCH_1,2608
2020-04-06,VZS_HAR*,VZS_HAR*_1,2746
2020-04-06,VZS_HOFW,VZS_HOFW_1,1770
2020-04-06,VZS_LAN*,VZS_LAN*_1,6149
2020-04-06,VZS_LIM*,VZS_LIM*_1,1852
2020-04-06,VZS_LUXG,VZS_LUXG_1,647
2020-04-06,VZS_MILI,VZS_MILI_1,510
2020-04-06,VZS_MUEH,VZS_MUEH_1,1488
2020-04-06,VZS_MYTH,VZS_MYTH_1,1522
2020-04-06,VZS_SAUM,VZS_SAUM_1,169
2020-04-06,VZS_SCHE,VZS_SCHE_1,1288
2020-04-06,VZS_SCHU,VZS_SCHU_1,236
2020-04-06,VZS_SIHL,VZS_SIHL_1,1471
2020-04-06,VZS_TALS,VZS_TALS_1,420
2020-04-06,VZS_TOED,VZS_TOED_1,226
2020-04-06,VZS_ZOLL,VZS_ZOLL_1,1386
2020-04-07,VZS_ANDR,VZS_ANDR_2,1164
2020-04-07,VZS_BERT,VZS_BERT_2,1273
2020-04-07,VZS_BINZ,VZS_BINZ_2,773
2020-04-07,VZS_BUCH,VZS_BUCH_2,2816
2020-04-07,VZS_HAR*,VZS_HAR*_2,3054
2020-04-07,VZS_HOFW,VZS_HOFW_2,2002
2020-04-07,VZS_LAN*,VZS_LAN*_2,6883
2020-04-07,VZS_LIM*,VZS_LIM*_2,2098
2020-04-07,VZS_MILI,VZS_MILI_2,531
2020-04-07,VZS_MUEH,VZS_MUEH_2,1755
2020-04-07,VZS_MYTH,VZS_MYTH_2,1624
2020-04-07,VZS_SAUM,VZS_SAUM_2,172
2020-04-07,VZS_SCHE,VZS_SCHE_2,1395
2020-04-07,VZS_SCHU,VZS_SCHU_2,232
2020-04-07,VZS_SIHL,VZS_SIHL_2,1519
2020-04-07,VZS_TALS,VZS_TALS_2,468
2020-04-07,VZS_TOED,VZS_TOED_2,243
2020-04-07,VZS_ZOLL,VZS_ZOLL_2,1581
2020-04-08,VZS_ANDR,VZS_ANDR_3,1086
2020-04-08,VZS_BERT,VZS_BERT_3,1409
2020-04-08,VZS_BINZ,VZS_BINZ_3,761
2020-04-08,VZS_BUCH,VZS_BUCH_3,2960
2020-04-08,VZS_HAR*,VZS_HAR*_3,3274
2020-04-08,VZS_HOFW,VZS_HOFW_3,2048
2020-04-08,VZS_LAN*,VZS_LAN*_3,7499
2020-04-08,VZS_LIM*,VZS_LIM*_3,2173
2020-04-08,VZS_LUXG,VZS_LUXG_3,803
2020-04-08,VZS_MILI,VZS_MILI_3,508
2020-04-08,VZS_MUEH,VZS_MUEH_3,1661
2020-04-08,VZS_MYTH,VZS_MYTH_3,1692
2020-04-08,VZS_SAUM,VZS_SAUM_3,198
2020-04-08,VZS_SCHE,VZS_SCHE_3,1364
2020-04-08,VZS_SCHU,VZS_SCHU_3,281
2020-04-08,VZS_SIHL,VZS_SIHL_3,1598
2020-04-08,VZS_TALS,VZS_TALS_3,449
2020-04-08,VZS_TOED,VZS_TOED_3,275
2020-04-08,VZS_ZOLL,VZS_ZOLL_3,1500
2020-04-09,VZS_ANDR,VZS_ANDR_4,1067
2020-04-09,VZS_BERT,VZS_BERT_4,1517
2020-04-09,VZS_BINZ,VZS_BINZ_4,838
2020-04-09,VZS_BUCH,VZS_BUCH_4,2954
2020-04-09,VZS_HAR*,VZS_HAR*_4,3340
2020-04-09,VZS_HOFW,VZS_HOFW_4,1986
2020-04-09,VZS_LAN*,VZS_LAN*_4,7752
2020-04-09,VZS_LIM*,VZS_LIM*_4,2251
2020-04-09,VZS_LUXG,VZS_LUXG_4,823
2020-04-09,VZS_MILI,VZS_MILI_4,617
2020-04-09,VZS_MUEH,VZS_MUEH_4,1679
2020-04-09,VZS_MYTH,VZS_MYTH_4,1730
2020-04-09,VZS_SAUM,VZS_SAUM_4,197
2020-04-09,VZS_SCHE,VZS_SCHE_4,1355
2020-04-09,VZS_SCHU,VZS_SCHU_4,391
2020-04-09,VZS_SIHL,VZS_SIHL_4,1601
2020-04-09,VZS_TALS,VZS_TALS_4,515
2020-04-09,VZS_TOED,VZS_TOED_4,268
2020-04-09,VZS_ZOLL,VZS_ZOLL_4,1701
2020-04-10,VZS_ANDR,VZS_ANDR_5,1259
2020-04-10,VZS_BERT,VZS_BERT_5,1170
2020-04-10,VZS_BINZ,VZS_BINZ_5,837
2020-04-10,VZS_BUCH,VZS_BUCH_5,2728
2020-04-10,VZS_HAR*,VZS_HAR*_5,3038
2020-04-10,VZS_HOFW,VZS_HOFW_5,1904
2020-04-10,VZS_LAN*,VZS_LAN*_5,5968
2020-04-10,VZS_LIM*,VZS_LIM*_5,2070
2020-04-10,VZS_LUXG,VZS_LUXG_5,917
2020-04-10,VZS_MILI,VZS_MILI_5,375
2020-04-10,VZS_MUEH,VZS_MUEH_5,1352
2020-04-10,VZS_MYTH,VZS_MYTH_5,2653
2020-04-10,VZS_SAUM,VZS_SAUM_5,239
2020-04-10,VZS_SCHE,VZS_SCHE_5,1037
2020-04-10,VZS_SCHU,VZS_SCHU_5,162
2020-04-10,VZS_SIHL,VZS_SIHL_5,1537
2020-04-10,VZS_TALS,VZS_TALS_5,430
2020-04-10,VZS_TOED,VZS_TOED_5,166
2020-04-10,VZS_ZOLL,VZS_ZOLL_5,1333
2020-04-11,VZS_ANDR,VZS_ANDR_6,1436
2020-04-11,VZS_BERT,VZS_BERT_6,1404
2020-04-11,VZS_BINZ,VZS_BINZ_6,920
2020-04-11,VZS_BUCH,VZS_BUCH_6,3076
2020-04-11,VZS_HAR*,VZS_HAR*_6,3163
2020-04-11,VZS_HOFW,VZS_HOFW_6,2088
2020-04-11,VZS_LAN*,VZS_LAN*_6,7179
2020-04-11,VZS_LIM*,VZS_LIM*_6,2216
2020-04-11,VZS_LUXG,VZS_LUXG_6,932
2020-04-11,VZS_MILI,VZS_MILI_6,545
2020-04-11,VZS_MUEH,VZS_MUEH_6,1362
2020-04-11,VZS_MYTH,VZS_MYTH_6,2376
2020-04-11,VZS_SAUM,VZS_SAUM_6,201
2020-04-11,VZS_SCHE,VZS_SCHE_6,1042
2020-04-11,VZS_SCHU,VZS_SCHU_6,382
2020-04-11,VZS_SIHL,VZS_SIHL_6,1644
2020-04-11,VZS_TALS,VZS_TALS_6,514
2020-04-11,VZS_TOED,VZS_TOED_6,179
2020-04-11,VZS_ZOLL,VZS_ZOLL_6,1484
2020-04-12,VZS_ANDR,VZS_ANDR_7,1339
2020-04-12,VZS_BERT,VZS_BERT_7,1052
2020-04-12,VZS_BINZ,VZS_BINZ_7,825
2020-04-12,VZS_BUCH,VZS_BUCH_7,2732
2020-04-12,VZS_HAR*,VZS_HAR*_7,2907
2020-04-12,VZS_HOFW,VZS_HOFW_7,1874
2020-04-12,VZS_LAN*,VZS_LAN*_7,5483
2020-04-12,VZS_LIM*,VZS_LIM*_7,2026
2020-04-12,VZS_LUXG,VZS_LUXG_7,941
2020-04-12,VZS_MILI,VZS_MILI_7,312
2020-04-12,VZS_MUEH,VZS_MUEH_7,1217
2020-04-12,VZS_MYTH,VZS_MYTH_7,2510
2020-04-12,VZS_SAUM,VZS_SAUM_7,235
2020-04-12,VZS_SCHE,VZS_SCHE_7,951
2020-04-12,VZS_SCHU,VZS_SCHU_7,130
2020-04-12,VZS_SIHL,VZS_SIHL_7,1625
2020-04-12,VZS_TALS,VZS_TALS_7,401
2020-04-12,VZS_TOED,VZS_TOED_7,159
2020-04-12,VZS_ZOLL,VZS_ZOLL_7,1229
2020-04-13,VZS_ANDR,VZS_ANDR_1,1232
2020-04-13,VZS_BERT,VZS_BERT_1,1131
2020-04-13,VZS_BINZ,VZS_BINZ_1,822
2020-04-13,VZS_BUCH,VZS_BUCH_1,2712
2020-04-13,VZS_HAR*,VZS_HAR*_1,2895
2020-04-13,VZS_HOFW,VZS_HOFW_1,1772
2020-04-13,VZS_LAN*,VZS_LAN*_1,5898
2020-04-13,VZS_LIM*,VZS_LIM*_1,1944
2020-04-13,VZS_LUXG,VZS_LUXG_1,953
2020-04-13,VZS_MILI,VZS_MILI_1,390
2020-04-13,VZS_MUEH,VZS_MUEH_1,1333
2020-04-13,VZS_MYTH,VZS_MYTH_1,2363
2020-04-13,VZS_SAUM,VZS_SAUM_1,240
2020-04-13,VZS_SCHE,VZS_SCHE_1,978
2020-04-13,VZS_SCHU,VZS_SCHU_1,150
2020-04-13,VZS_SIHL,VZS_SIHL_1,1662
2020-04-13,VZS_TALS,VZS_TALS_1,382
2020-04-13,VZS_TOED,VZS_TOED_1,162
2020-04-13,VZS_ZOLL,VZS_ZOLL_1,1351
2020-04-14,VZS_ANDR,VZS_ANDR_2,870
2020-04-14,VZS_BERT,VZS_BERT_2,1201
2020-04-14,VZS_BINZ,VZS_BINZ_2,655
2020-04-14,VZS_BUCH,VZS_BUCH_2,2538
2020-04-14,VZS_HAR*,VZS_HAR*_2,2686
2020-04-14,VZS_HOFW,VZS_HOFW_2,1720
2020-04-14,VZS_LAN*,VZS_LAN*_2,6115
2020-04-14,VZS_LIM*,VZS_LIM*_2,1774
2020-04-14,VZS_LUXG,VZS_LUXG_2,603
2020-04-14,VZS_MILI,VZS_MILI_2,436
2020-04-14,VZS_MUEH,VZS_MUEH_2,1465
2020-04-14,VZS_MYTH,VZS_MYTH_2,1341
2020-04-14,VZS_SAUM,VZS_SAUM_2,168
2020-04-14,VZS_SCHE,VZS_SCHE_2,1183
2020-04-14,VZS_SCHU,VZS_SCHU_2,251
2020-04-14,VZS_SIHL,VZS_SIHL_2,1248
2020-04-14,VZS_TALS,VZS_TALS_2,409
2020-04-14,VZS_TOED,VZS_TOED_2,216
2020-04-14,VZS_ZOLL,VZS_ZOLL_2,1187
2020-04-15,VZS_ANDR,VZS_ANDR_3,1176
2020-04-15,VZS_BERT,VZS_BERT_3,1348
2020-04-15,VZS_BINZ,VZS_BINZ_3,746
2020-04-15,VZS_BUCH,VZS_BUCH_3,2890
2020-04-15,VZS_HAR*,VZS_HAR*_3,3399
2020-04-15,VZS_HOFW,VZS_HOFW_3,1982
2020-04-15,VZS_LAN*,VZS_LAN*_3,7181
2020-04-15,VZS_LIM*,VZS_LIM*_3,2140
2020-04-15,VZS_LUXG,VZS_LUXG_3,950
2020-04-15,VZS_MILI,VZS_MILI_3,538
2020-04-15,VZS_MUEH,VZS_MUEH_3,1568
2020-04-15,VZS_MYTH,VZS_MYTH_3,1739
2020-04-15,VZS_SAUM,VZS_SAUM_3,203
2020-04-15,VZS_SCHE,VZS_SCHE_3,1346
2020-04-15,VZS_SCHU,VZS_SCHU_3,222
2020-04-15,VZS_SIHL,VZS_SIHL_3,1605
2020-04-15,VZS_TALS,VZS_TALS_3,469
2020-04-15,VZS_TOED,VZS_TOED_3,266
2020-04-15,VZS_ZOLL,VZS_ZOLL_3,1508
2020-04-16,VZS_ANDR,VZS_ANDR_4,1273
2020-04-16,VZS_BERT,VZS_BERT_4,1485
2020-04-16,VZS_BINZ,VZS_BINZ_4,764
2020-04-16,VZS_BUCH,VZS_BUCH_4,2994
2020-04-16,VZS_HAR*,VZS_HAR*_4,3491
2020-04-16,VZS_HOFW,VZS_HOFW_4,2178
2020-04-16,VZS_LAN*,VZS_LAN*_4,7554
2020-04-16,VZS_LIM*,VZS_LIM*_4,2368
2020-04-16,VZS_LUXG,VZS_LUXG_4,841
2020-04-16,VZS_MILI,VZS_MILI_4,540
2020-04-16,VZS_MUEH,VZS_MUEH_4,1601
2020-04-16,VZS_MYTH,VZS_MYTH_4,2090
2020-04-16,VZS_SAUM,VZS_SAUM_4,207
2020-04-16,VZS_SCHE,VZS_SCHE_4,1447
2020-04-16,VZS_SCHU,VZS_SCHU_4,236
2020-04-16,VZS_SIHL,VZS_SIHL_4,1704
2020-04-16,VZS_TALS,VZS_TALS_4,515
2020-04-16,VZS_TOED,VZS_TOED_4,291
2020-04-16,VZS_ZOLL,VZS_ZOLL_4,1679
2020-04-17,VZS_ANDR,VZS_ANDR_5,1312
2020-04-17,VZS_BERT,VZS_BERT_5,1638
2020-04-17,VZS_BINZ,VZS_BINZ_5,850
2020-04-17,VZS_BUCH,VZS_BUCH_5,3090
2020-04-17,VZS_HAR*,VZS_HAR*_5,3918
2020-04-17,VZS_HOFW,VZS_HOFW_5,2222
2020-04-17,VZS_LAN*,VZS_LAN*_5,8432
2020-04-17,VZS_LIM*,VZS_LIM*_5,2476
2020-04-17,VZS_LUXG,VZS_LUXG_5,920
2020-04-17,VZS_MILI,VZS_MILI_5,601
2020-04-17,VZS_MUEH,VZS_MUEH_5,1885
2020-04-17,VZS_MYTH,VZS_MYTH_5,2405
2020-04-17,VZS_SAUM,VZS_SAUM_5,253
2020-04-17,VZS_SCHE,VZS_SCHE_5,1387
2020-04-17,VZS_SCHU,VZS_SCHU_5,273
2020-04-17,VZS_SIHL,VZS_SIHL_5,1890
2020-04-17,VZS_TALS,VZS_TALS_5,588
2020-04-17,VZS_TOED,VZS_TOED_5,215
2020-04-17,VZS_ZOLL,VZS_ZOLL_5,1737
2020-04-18,VZS_ANDR,VZS_ANDR_6,1487
2020-04-18,VZS_BERT,VZS_BERT_6,1477
2020-04-18,VZS_BINZ,VZS_BINZ_6,989
2020-04-18,VZS_BUCH,VZS_BUCH_6,3332
2020-04-18,VZS_HAR*,VZS_HAR*_6,3703
2020-04-18,VZS_HOFW,VZS_HOFW_6,2230
2020-04-18,VZS_LAN*,VZS_LAN*_6,8353
2020-04-18,VZS_LIM*,VZS_LIM*_6,2591
2020-04-18,VZS_LUXG,VZS_LUXG_6,1214
2020-04-18,VZS_MILI,VZS_MILI_6,599
2020-04-18,VZS_MUEH,VZS_MUEH_6,1417
2020-04-18,VZS_MYTH,VZS_MYTH_6,3021
2020-04-18,VZS_SAUM,VZS_SAUM_6,227
2020-04-18,VZS_SCHE,VZS_SCHE_6,1066
2020-04-18,VZS_SCHU,VZS_SCHU_6,348
2020-04-18,VZS_SIHL,VZS_SIHL_6,2029
2020-04-18,VZS_TALS,VZS_TALS_6,584
2020-04-18,VZS_TOED,VZS_TOED_6,183
2020-04-18,VZS_ZOLL,VZS_ZOLL_6,1725
2020-04-19,VZS_ANDR,VZS_ANDR_7,1430
2020-04-19,VZS_BERT,VZS_BERT_7,1152
2020-04-19,VZS_BINZ,VZS_BINZ_7,961
2020-04-19,VZS_BUCH,VZS_BUCH_7,3078
2020-04-19,VZS_HAR*,VZS_HAR*_7,3220
2020-04-19,VZS_HOFW,VZS_HOFW_7,1864
2020-04-19,VZS_LAN*,VZS_LAN*_7,6338
2020-04-19,VZS_LIM*,VZS_LIM*_7,2187
2020-04-19,VZS_LUXG,VZS_LUXG_7,1008
2020-04-19,VZS_MILI,VZS_MILI_7,365
2020-04-19,VZS_MUEH,VZS_MUEH_7,1339
2020-04-19,VZS_MYTH,VZS_MYTH_7,2706
2020-04-19,VZS_SAUM,VZS_SAUM_7,225
2020-04-19,VZS_SCHE,VZS_SCHE_7,914
2020-04-19,VZS_SCHU,VZS_SCHU_7,161
2020-04-19,VZS_SIHL,VZS_SIHL_7,1819
2020-04-19,VZS_TALS,VZS_TALS_7,466
2020-04-19,VZS_TOED,VZS_TOED_7,203
2020-04-19,VZS_ZOLL,VZS_ZOLL_7,1357
2020-04-20,VZS_ANDR,VZS_ANDR_1,1019
2020-04-20,VZS_BERT,VZS_BERT_1,1231
2020-04-20,VZS_BINZ,VZS_BINZ_1,704
2020-04-20,VZS_BUCH,VZS_BUCH_1,2728
2020-04-20,VZS_HAR*,VZS_HAR*_1,3255
2020-04-20,VZS_HOFW,VZS_HOFW_1,1780
2020-04-20,VZS_LAN*,VZS_LAN*_1,6729
2020-04-20,VZS_LIM*,VZS_LIM*_1,2037
2020-04-20,VZS_MILI,VZS_MILI_1,520
2020-04-20,VZS_MUEH,VZS_MUEH_1,1543
2020-04-20,VZS_MYTH,VZS_MYTH_1,1609
2020-04-20,VZS_SAUM,VZS_SAUM_1,191
2020-04-20,VZS_SCHE,VZS_SCHE_1,1291
2020-04-20,VZS_SCHU,VZS_SCHU_1,283
2020-04-20,VZS_SIHL,VZS_SIHL_1,1550
2020-04-20,VZS_TALS,VZS_TALS_1,418
2020-04-20,VZS_TOED,VZS_TOED_1,233
2020-04-20,VZS_ZOLL,VZS_ZOLL_1,1502
